Location,Time,Date
"20.354530° N, 85.936430° E",09:41,
"20.355954° N, 85.809189° E",10:36,
"20.348802° N, 85.750022° E",16:43,
"20.360567° N, 85.922536° E",13:21,
"20.358540° N, 85.838017° E",09:03,
"20.358110° N, 85.694531° E",09:41,
"20.361312° N, 85.768926° E",16:56,
"20.357605° N, 85.922311° E",07:45,
"20.357508° N, 85.693625° E",10:06,
"20.359060° N, 85.788010° E",15:16,
"20.349877° N, 85.757668° E",14:28,
"20.360334° N, 85.859402° E",17:43,
"20.363699° N, 85.766854° E",11:19,
"20.359297° N, 85.931981° E",18:08,
"20.348684° N, 85.874165° E",11:23,
"20.360823° N, 85.914034° E",03:42,
"20.352676° N, 85.875807° E",15:01,
"20.350527° N, 85.794850° E",10:16,
"20.362234° N, 85.776414° E",13:36,
"20.354002° N, 85.949827° E",12:38,
"20.361525° N, 85.748609° E",06:49,
"20.352788° N, 85.906729° E",12:44,
"20.358398° N, 85.895776° E",07:17,
"20.360862° N, 85.722534° E",06:07,
"20.351110° N, 85.735789° E",12:34,
"20.356408° N, 85.689156° E",13:26,
"20.359989° N, 85.835822° E",13:05,
"20.354287° N, 85.718871° E",12:12,
"20.350790° N, 85.698670° E",06:19,
"20.356993° N, 85.707772° E",12:27,
"20.363068° N, 85.740958° E",13:01,
"20.354111° N, 85.813938° E",15:05,
"20.352935° N, 85.806227° E",07:44,
"20.358968° N, 85.723649° E",10:30,
"20.357043° N, 85.724401° E",14:51,
"20.357967° N, 85.849909° E",14:42,
"20.358887° N, 85.729185° E",15:43,
"20.353103° N, 85.684520° E",07:01,
"20.355122° N, 85.872898° E",20:12,
"20.362265° N, 85.743985° E",11:36,
"20.347319° N, 85.795701° E",10:19,
"20.353962° N, 85.823786° E",06:47,
"20.353257° N, 85.834600° E",12:14,
"20.350172° N, 85.822016° E",17:45,
"20.355140° N, 85.681504° E",05:05,
"20.352686° N, 85.742393° E",16:36,
"20.357134° N, 85.802640° E",06:51,
"20.350267° N, 85.806690° E",12:45,
"20.353133° N, 85.917675° E",10:02,
"20.362918° N, 85.760437° E",13:04,
"20.356271° N, 85.712585° E",09:08,
"20.350780° N, 85.751939° E",12:30,
"20.350220° N, 85.711935° E",12:54,
"20.358054° N, 85.857872° E",07:43,
"20.358199° N, 85.828754° E",12:29,
"20.357965° N, 85.817057° E",12:09,
"20.353777° N, 85.935140° E",10:45,
"20.356509° N, 85.703899° E",10:35,
"20.362587° N, 85.828719° E",19:46,
"20.357040° N, 85.941893° E",11:58,
"20.358271° N, 85.742296° E",14:42,
"20.358407° N, 85.913915° E",13:06,
"20.360514° N, 85.773760° E",13:11,
"20.348847° N, 85.817675° E",10:37,
"20.350285° N, 85.756108° E",04:41,
"20.355406° N, 85.917111° E",15:37,
"20.349919° N, 85.719895° E",11:14,
"20.353645° N, 85.784223° E",10:49,
"20.363391° N, 85.779087° E",02:40,
"20.354775° N, 85.698537° E",12:24,
"20.353782° N, 85.925298° E",16:29,
"20.350800° N, 85.872479° E",19:01,
"20.352142° N, 85.786385° E",14:51,
"20.350813° N, 85.699999° E",12:52,
"20.360366° N, 85.778761° E",07:31,
"20.355249° N, 85.695466° E",18:03,
"20.353285° N, 85.741574° E",12:16,
"20.348918° N, 85.793313° E",08:28,
"20.363919° N, 85.852209° E",12:59,
"20.357476° N, 85.767595° E",11:04,
"20.355367° N, 85.792135° E",12:05,
"20.356288° N, 85.882506° E",04:08,
"20.360678° N, 85.830506° E",09:49,
"20.357417° N, 85.681138° E",14:28,
"20.350469° N, 85.758088° E",21:22,
"20.360116° N, 85.818093° E",14:13,
"20.355213° N, 85.725862° E",14:19,
"20.357477° N, 85.925572° E",08:19,
"20.352153° N, 85.808191° E",01:22,
"20.360729° N, 85.756334° E",08:58,
"20.351157° N, 85.845383° E",17:27,
"20.349931° N, 85.776070° E",06:48,
"20.354749° N, 85.723584° E",11:20,
"20.349946° N, 85.713544° E",13:07,
"20.347631° N, 85.759425° E",17:00,
"20.358178° N, 85.741656° E",20:09,
"20.361831° N, 85.882347° E",06:48,
"20.352588° N, 85.920814° E",18:55,
"20.355084° N, 85.716813° E",16:23,
"20.360214° N, 85.807605° E",15:48,
"20.357450° N, 85.709023° E",11:32,
"20.355601° N, 85.710917° E",11:58,
"20.356519° N, 85.708112° E",09:18,
"20.359106° N, 85.914568° E",12:56,
"20.354889° N, 85.782525° E",13:54,
"20.356852° N, 85.855050° E",13:21,
"20.357555° N, 85.819272° E",10:27,
"20.363604° N, 85.827921° E",14:12,
"20.355167° N, 85.851312° E",11:03,
"20.350729° N, 85.890700° E",00:40,
"20.354632° N, 85.738994° E",11:54,
"20.354691° N, 85.899639° E",16:17,
"20.351320° N, 85.792327° E",17:25,
"20.352995° N, 85.736309° E",13:20,
"20.352943° N, 85.949023° E",11:57,
"20.355137° N, 85.936052° E",10:34,
"20.359853° N, 85.772351° E",08:48,
"20.351257° N, 85.767988° E",09:51,
"20.355052° N, 85.696263° E",08:37,
"20.356252° N, 85.756101° E",10:32,
"20.350285° N, 85.858263° E",12:04,
"20.350992° N, 85.922087° E",15:03,
"20.353311° N, 85.869932° E",13:57,
"20.360190° N, 85.749930° E",12:00,
"20.350844° N, 85.907318° E",10:01,
"20.356510° N, 85.911726° E",10:00,
"20.355715° N, 85.760019° E",14:10,
"20.356185° N, 85.934541° E",14:55,
"20.355897° N, 85.868841° E",17:51,
"20.361887° N, 85.842704° E",14:23,
"20.363869° N, 85.849849° E",10:12,
"20.355828° N, 85.809170° E",13:41,
"20.357567° N, 85.857644° E",13:40,
"20.347945° N, 85.749050° E",12:22,
"20.352431° N, 85.774631° E",11:38,
"20.358606° N, 85.906445° E",08:29,
"20.352626° N, 85.791089° E",19:41,
"20.359745° N, 85.888630° E",10:17,
"20.354403° N, 85.701212° E",12:55,
"20.361039° N, 85.713354° E",13:54,
"20.347472° N, 85.857224° E",06:32,
"20.353598° N, 85.778452° E",15:12,
"20.350721° N, 85.932086° E",06:17,
"20.360911° N, 85.907272° E",13:03,
"20.362208° N, 85.877843° E",19:17,
"20.361801° N, 85.809902° E",18:31,
"20.352618° N, 85.884241° E",10:44,
"20.358351° N, 85.758692° E",17:07,
"20.356242° N, 85.841860° E",11:17,
"20.355494° N, 85.725020° E",13:28,
"20.360492° N, 85.760847° E",16:58,
"20.359225° N, 85.838117° E",16:46,
"20.359630° N, 85.792695° E",13:15,
"20.347151° N, 85.846278° E",10:51,
"20.353030° N, 85.813942° E",07:55,
"20.358377° N, 85.815580° E",16:00,
"20.347957° N, 85.847146° E",19:40,
"20.354425° N, 85.806444° E",10:48,
"20.350322° N, 85.892813° E",12:04,
"20.355502° N, 85.884377° E",21:04,
"20.351272° N, 85.795722° E",06:07,
"20.349512° N, 85.909558° E",14:30,
"20.361948° N, 85.767984° E",20:12,
"20.349456° N, 85.786494° E",17:09,
"20.351553° N, 85.814101° E",10:22,
"20.360475° N, 85.816584° E",12:59,
"20.352472° N, 85.876572° E",13:13,
"20.360410° N, 85.922603° E",12:35,
"20.357170° N, 85.949551° E",12:29,
"20.356976° N, 85.691268° E",11:06,
"20.357431° N, 85.844521° E",16:41,
"20.360796° N, 85.740571° E",11:24,
"20.356088° N, 85.811845° E",22:27,
"20.347098° N, 85.856195° E",07:35,
"20.353810° N, 85.823785° E",09:04,
"20.357993° N, 85.780199° E",12:19,
"20.353901° N, 85.730672° E",12:08,
"20.348824° N, 85.813518° E",12:12,
"20.355793° N, 85.906735° E",17:05,
"20.357613° N, 85.729228° E",09:50,
"20.357242° N, 85.858097° E",14:42,
"20.354174° N, 85.938744° E",14:48,
"20.358953° N, 85.912660° E",15:17,
"20.348078° N, 85.846910° E",14:30,
"20.348931° N, 85.847590° E",05:36,
"20.362575° N, 85.825665° E",15:31,
"20.351794° N, 85.914106° E",09:13,
"20.359632° N, 85.779709° E",10:37,
"20.353577° N, 85.739186° E",13:43,
"20.359914° N, 85.856673° E",16:47,
"20.363457° N, 85.875389° E",08:23,
"20.354041° N, 85.821137° E",10:52,
"20.353439° N, 85.777901° E",13:02,
"20.360163° N, 85.870767° E",10:20,
"20.358305° N, 85.857589° E",11:09,
"20.354979° N, 85.846377° E",16:40,
"20.358943° N, 85.884873° E",07:13,
"20.353870° N, 85.692006° E",00:36,
"20.362437° N, 85.880771° E",08:28,
"20.349574° N, 85.815713° E",12:43,
"20.359030° N, 85.818383° E",13:20,
"20.356919° N, 85.859211° E",15:41,
"20.352952° N, 85.786243° E",10:01,
"20.357956° N, 85.827636° E",09:49,
"20.361012° N, 85.896069° E",13:56,
"20.363571° N, 85.844229° E",06:17,
"20.357258° N, 85.950675° E",19:15,
"20.352634° N, 85.735421° E",13:48,
"20.359831° N, 85.878516° E",08:24,
"20.360054° N, 85.820595° E",14:47,
"20.360966° N, 85.743728° E",13:20,
"20.354015° N, 85.933198° E",09:13,
"20.363269° N, 85.750667° E",03:30,
"20.358305° N, 85.938621° E",09:54,
"20.359366° N, 85.807425° E",09:31,
"20.352666° N, 85.838838° E",14:43,
"20.351734° N, 85.738044° E",12:59,
"20.351480° N, 85.838450° E",15:52,
"20.352145° N, 85.889136° E",10:40,
"20.359886° N, 85.758676° E",12:25,
"20.348174° N, 85.844316° E",03:53,
"20.354686° N, 85.752874° E",11:40,
"20.359919° N, 85.736250° E",15:59,
"20.362266° N, 85.779574° E",15:18,
"20.359704° N, 85.841613° E",07:59,
"20.359819° N, 85.699065° E",10:17,
"20.356110° N, 85.748327° E",13:28,
"20.356293° N, 85.801490° E",07:00,
"20.352432° N, 85.801536° E",12:36,
"20.363892° N, 85.864032° E",10:11,
"20.359373° N, 85.906229° E",08:39,
"20.359484° N, 85.870529° E",14:54,
"20.356970° N, 85.828307° E",09:56,
"20.363072° N, 85.821757° E",09:27,
"20.347330° N, 85.842645° E",07:40,
"20.348169° N, 85.748019° E",14:15,
"20.353755° N, 85.767263° E",13:52,
"20.363241° N, 85.881507° E",13:46,
"20.363277° N, 85.871676° E",12:02,
"20.360951° N, 85.873121° E",15:21,
"20.350732° N, 85.734430° E",07:12,
"20.361736° N, 85.874182° E",13:49,
"20.355876° N, 85.948476° E",13:42,
"20.356639° N, 85.934385° E",19:02,
"20.361726° N, 85.741375° E",14:31,
"20.347406° N, 85.828013° E",12:41,
"20.351237° N, 85.915575° E",16:12,
"20.359910° N, 85.820659° E",12:24,
"20.347559° N, 85.828695° E",15:11,
"20.351151° N, 85.740922° E",09:26,
"20.351158° N, 85.901619° E",15:08,
"20.359513° N, 85.797125° E",04:47,
"20.359444° N, 85.778223° E",14:42,
"20.359867° N, 85.909134° E",17:28,
"20.356118° N, 85.684188° E",14:31,
"20.355350° N, 85.782704° E",14:09,
"20.360694° N, 85.839495° E",01:53,
"20.350325° N, 85.820905° E",17:41,
"20.347384° N, 85.761919° E",08:59,
"20.353984° N, 85.860509° E",09:34,
"20.354854° N, 85.906015° E",16:29,
"20.356163° N, 85.790114° E",03:18,
"20.362297° N, 85.847552° E",18:08,
"20.354519° N, 85.804364° E",09:12,
"20.354382° N, 85.756803° E",14:15,
"20.363578° N, 85.772973° E",20:32,
"20.352355° N, 85.899988° E",09:13,
"20.352211° N, 85.688716° E",10:56,
"20.362233° N, 85.882255° E",07:17,
"20.353128° N, 85.907311° E",12:11,
"20.351446° N, 85.717601° E",12:41,
"20.358763° N, 85.784133° E",12:39,
"20.352912° N, 85.695799° E",13:20,
"20.352975° N, 85.747419° E",06:54,
"20.352638° N, 85.776227° E",06:18,
"20.359356° N, 85.867279° E",14:16,
"20.352668° N, 85.727601° E",08:20,
"20.358292° N, 85.757438° E",15:29,
"20.351278° N, 85.821132° E",09:31,
"20.354519° N, 85.755927° E",13:17,
"20.361322° N, 85.882627° E",13:13,
"20.352638° N, 85.860084° E",06:58,
"20.357668° N, 85.892608° E",10:00,
"20.353599° N, 85.842198° E",09:28,
"20.363823° N, 85.844288° E",09:03,
"20.354023° N, 85.745944° E",07:16,
"20.354248° N, 85.916534° E",13:27,
"20.348673° N, 85.883994° E",16:57,
"20.359246° N, 85.738927° E",15:03,
"20.351708° N, 85.691391° E",11:36,
"20.362287° N, 85.801173° E",03:15,
"20.347692° N, 85.838242° E",14:30,
"20.352498° N, 85.752780° E",07:12,
"20.357419° N, 85.925018° E",08:02,
"20.352517° N, 85.910399° E",14:48,
"20.359673° N, 85.751801° E",13:31,
"20.357971° N, 85.817260° E",06:19,
"20.357971° N, 85.881442° E",11:12,
"20.355896° N, 85.897142° E",16:56,
"20.348643° N, 85.729223° E",07:02,
"20.356565° N, 85.802356° E",08:48,
"20.359983° N, 85.696888° E",18:44,
"20.348628° N, 85.881780° E",11:12,
"20.347931° N, 85.790108° E",04:49,
"20.355735° N, 85.763713° E",15:49,
"20.348082° N, 85.751368° E",09:18,
"20.360982° N, 85.791658° E",15:11,
"20.362758° N, 85.796875° E",12:27,
"20.361836° N, 85.903358° E",19:44,
"20.356476° N, 85.698908° E",11:15,
"20.350346° N, 85.894907° E",19:21,
"20.350312° N, 85.882140° E",11:43,
"20.353691° N, 85.700928° E",08:02,
"20.356130° N, 85.708481° E",13:54,
"20.352557° N, 85.685522° E",14:11,
"20.354305° N, 85.860028° E",06:18,
"20.354535° N, 85.822993° E",12:12,
"20.350396° N, 85.744362° E",19:49,
"20.350441° N, 85.752368° E",09:20,
"20.362017° N, 85.873897° E",10:37,
"20.356322° N, 85.766633° E",18:24,
"20.357745° N, 85.896755° E",18:10,
"20.364277° N, 85.843368° E",12:23,
"20.352483° N, 85.851896° E",11:03,
"20.353811° N, 85.817676° E",06:49,
"20.357698° N, 85.860697° E",12:05,
"20.360690° N, 85.794785° E",11:14,
"20.353059° N, 85.929230° E",20:15,
"20.352550° N, 85.725880° E",11:43,
"20.350167° N, 85.924378° E",07:31,
"20.353032° N, 85.810414° E",13:38,
"20.357848° N, 85.895082° E",15:22,
"20.355295° N, 85.772308° E",17:51,
"20.363307° N, 85.830731° E",06:27,
"20.362272° N, 85.893725° E",17:22,
"20.351074° N, 85.866006° E",08:43,
"20.356623° N, 85.909284° E",10:56,
"20.362851° N, 85.783945° E",07:12,
"20.355097° N, 85.681675° E",14:01,
"20.353619° N, 85.894853° E",22:53,
"20.361891° N, 85.844950° E",14:06,
"20.362401° N, 85.839953° E",12:41,
"20.364126° N, 85.838198° E",17:12,
"20.359477° N, 85.751308° E",15:25,
"20.352959° N, 85.849937° E",00:32,
"20.358604° N, 85.827573° E",08:07,
"20.360679° N, 85.851513° E",15:10,
"20.349619° N, 85.881607° E",12:17,
"20.352305° N, 85.894015° E",15:58,
"20.357210° N, 85.863952° E",14:25,
"20.346689° N, 85.786676° E",15:19,
"20.363900° N, 85.847094° E",06:47,
"20.352776° N, 85.747761° E",13:35,
"20.354656° N, 85.684981° E",16:05,
"20.358647° N, 85.763050° E",20:30,
"20.348402° N, 85.748137° E",20:31,
"20.347613° N, 85.874028° E",15:02,
"20.349981° N, 85.870476° E",14:43,
"20.348291° N, 85.850387° E",15:05,
"20.350521° N, 85.721316° E",07:08,
"20.355552° N, 85.895050° E",12:16,
"20.360415° N, 85.908360° E",09:12,
"20.355914° N, 85.824429° E",10:14,
"20.359438° N, 85.809319° E",11:22,
"20.355876° N, 85.788995° E",04:56,
"20.351073° N, 85.924514° E",09:27,
"20.351937° N, 85.797530° E",09:36,
"20.350358° N, 85.718557° E",09:17,
"20.358668° N, 85.771325° E",18:36,
"20.363877° N, 85.797615° E",16:40,
"20.358278° N, 85.805418° E",05:35,
"20.350520° N, 85.809078° E",16:42,
"20.353420° N, 85.943256° E",12:24,
"20.354991° N, 85.768858° E",07:11,
"20.348513° N, 85.877822° E",11:34,
"20.363080° N, 85.827388° E",11:58,
"20.361625° N, 85.852119° E",10:58,
"20.349675° N, 85.776114° E",14:51,
"20.359079° N, 85.801832° E",09:04,
"20.357230° N, 85.755306° E",16:23,
"20.359837° N, 85.789529° E",10:55,
"20.353635° N, 85.737100° E",09:59,
"20.360634° N, 85.853012° E",12:08,
"20.351761° N, 85.924396° E",15:54,
"20.350285° N, 85.852187° E",12:17,
"20.354954° N, 85.744895° E",12:25,
"20.355803° N, 85.770484° E",19:08,
"20.358894° N, 85.895162° E",09:09,
"20.359093° N, 85.904799° E",15:38,
"20.354293° N, 85.952584° E",16:19,
"20.353676° N, 85.756627° E",12:12,
"20.355309° N, 85.701978° E",15:31,
"20.355631° N, 85.857665° E",12:49,
"20.355538° N, 85.798058° E",16:57,
"20.348594° N, 85.772558° E",07:30,
"20.359539° N, 85.888204° E",08:00,
"20.351746° N, 85.726096° E",14:31,
"20.353152° N, 85.934388° E",12:03,
"20.357154° N, 85.697339° E",15:17,
"20.357952° N, 85.946349° E",10:43,
"20.355906° N, 85.899577° E",15:04,
"20.363335° N, 85.754171° E",16:04,
"20.349642° N, 85.912051° E",15:55,
"20.362811° N, 85.803791° E",11:25,
"20.350327° N, 85.738613° E",13:29,
"20.350868° N, 85.756920° E",09:10,
"20.355164° N, 85.796442° E",15:58,
"20.358907° N, 85.920371° E",10:54,
"20.355491° N, 85.917001° E",14:36,
"20.354695° N, 85.841384° E",10:16,
"20.355607° N, 85.691290° E",14:44,
"20.357048° N, 85.820293° E",10:30,
"20.364170° N, 85.803297° E",14:01,
"20.361045° N, 85.833841° E",11:01,
"20.348861° N, 85.800433° E",07:30,
"20.358407° N, 85.709800° E",15:50,
"20.359744° N, 85.908495° E",13:48,
"20.356213° N, 85.909856° E",12:46,
"20.352276° N, 85.709992° E",02:52,
"20.351178° N, 85.810898° E",20:41,
"20.358246° N, 85.726541° E",11:35,
"20.356423° N, 85.884348° E",00:08,
"20.358152° N, 85.770887° E",05:12,
"20.358577° N, 85.872996° E",10:28,
"20.354379° N, 85.897726° E",04:24,
"20.351324° N, 85.880765° E",10:18,
"20.351679° N, 85.903583° E",09:20,
"20.357950° N, 85.698912° E",16:24,
"20.356516° N, 85.737809° E",06:57,
"20.360229° N, 85.755377° E",13:20,
"20.350324° N, 85.897248° E",03:39,
"20.352877° N, 85.850597° E",17:59,
"20.356182° N, 85.778890° E",11:59,
"20.351223° N, 85.728264° E",11:08,
"20.356037° N, 85.851364° E",16:31,
"20.356127° N, 85.867623° E",15:49,
"20.355928° N, 85.845396° E",15:17,
"20.354911° N, 85.850594° E",13:03,
"20.356561° N, 85.828878° E",07:27,
"20.357699° N, 85.728825° E",13:45,
"20.353697° N, 85.748877° E",23:44,
"20.355234° N, 85.816576° E",11:15,
"20.347672° N, 85.768713° E",17:31,
"20.361274° N, 85.886305° E",09:45,
"20.350003° N, 85.817741° E",13:45,
"20.354445° N, 85.783598° E",15:57,
"20.361835° N, 85.883642° E",01:24,
"20.359912° N, 85.907101° E",12:24,
"20.354595° N, 85.767370° E",08:52,
"20.357537° N, 85.803003° E",09:27,
"20.352318° N, 85.922321° E",12:52,
"20.363506° N, 85.853434° E",12:55,
"20.361804° N, 85.864430° E",04:59,
"20.362007° N, 85.795265° E",10:03,
"20.357789° N, 85.784814° E",17:26,
"20.360096° N, 85.752836° E",08:38,
"20.358948° N, 85.814908° E",14:28,
"20.362858° N, 85.864418° E",13:39,
"20.352791° N, 85.843559° E",05:49,
"20.350563° N, 85.833337° E",14:57,
"20.362494° N, 85.902180° E",15:20,
"20.355500° N, 85.878400° E",15:23,
"20.350625° N, 85.816778° E",08:25,
"20.358437° N, 85.831931° E",05:53,
"20.361957° N, 85.739013° E",13:00,
"20.360168° N, 85.706436° E",10:13,
"20.360749° N, 85.760216° E",12:56,
"20.356715° N, 85.686274° E",14:13,
"20.351308° N, 85.925103° E",15:19,
"20.359712° N, 85.882715° E",13:39,
"20.355613° N, 85.825765° E",12:46,
"20.355899° N, 85.763959° E",15:05,
"20.348398° N, 85.853319° E",09:50,
"20.357844° N, 85.707787° E",10:17,
"20.352822° N, 85.902248° E",09:30,
"20.352233° N, 85.844559° E",01:44,
"20.362286° N, 85.839254° E",14:27,
"20.361541° N, 85.735367° E",09:01,
"20.347857° N, 85.835097° E",11:28,
"20.357002° N, 85.817426° E",12:32,
"20.348773° N, 85.731957° E",18:28,
"20.351096° N, 85.889716° E",21:11,
"20.357021° N, 85.934142° E",07:04,
"20.354134° N, 85.848575° E",21:35,
"20.355886° N, 85.868419° E",08:04,
"20.360070° N, 85.845536° E",18:10,
"20.356585° N, 85.693797° E",10:25,
"20.353494° N, 85.950637° E",12:35,
"20.360161° N, 85.768257° E",11:46,
"20.355960° N, 85.921421° E",16:58,
"20.349267° N, 85.760366° E",09:01,
"20.358550° N, 85.758727° E",16:15,
"20.358318° N, 85.808136° E",10:12,
"20.351998° N, 85.773130° E",08:34,
"20.357512° N, 85.827966° E",20:16,
"20.360549° N, 85.880804° E",10:27,
"20.358944° N, 85.921781° E",09:06,
"20.353149° N, 85.755130° E",13:00,
"20.352807° N, 85.843277° E",09:47,
"20.362985° N, 85.738836° E",10:09,
"20.356597° N, 85.774988° E",15:37,
"20.349742° N, 85.876148° E",16:13,
"20.348815° N, 85.805227° E",12:13,
"20.361297° N, 85.718057° E",21:46,
"20.360935° N, 85.868640° E",12:50,
"20.356498° N, 85.849946° E",16:23,
"20.351045° N, 85.732063° E",14:45,
"20.355509° N, 85.736344° E",12:41,
"20.355680° N, 85.877931° E",14:12,
"20.355630° N, 85.756097° E",07:16,
"20.363099° N, 85.871817° E",08:56,
"20.350162° N, 85.825431° E",13:43,
"20.358246° N, 85.742645° E",16:03,
"20.351433° N, 85.892293° E",11:06,
"20.352386° N, 85.903250° E",16:49,
"20.360266° N, 85.829915° E",17:19,
"20.354064° N, 85.858732° E",05:43,
"20.359077° N, 85.848308° E",14:45,
"20.358493° N, 85.769108° E",16:33,
"20.351007° N, 85.850631° E",11:31,
"20.355562° N, 85.689461° E",17:39,
"20.354196° N, 85.920457° E",13:18,
"20.350119° N, 85.905102° E",13:11,
"20.352342° N, 85.852735° E",17:27,
"20.352184° N, 85.854697° E",14:37,
"20.351823° N, 85.888997° E",14:11,
"20.346644° N, 85.824155° E",12:55,
"20.347580° N, 85.758115° E",13:53,
"20.351929° N, 85.902824° E",13:13,
"20.349878° N, 85.719911° E",12:08,
"20.360644° N, 85.756689° E",14:04,
"20.361440° N, 85.810324° E",15:17,
"20.358915° N, 85.820511° E",16:34,
"20.351791° N, 85.937517° E",10:04,
"20.361753° N, 85.895094° E",05:02,
"20.353620° N, 85.914589° E",05:08,
"20.354326° N, 85.708526° E",11:30,
"20.356025° N, 85.733572° E",06:41,
"20.354838° N, 85.718408° E",16:26,
"20.355060° N, 85.913511° E",07:59,
"20.350595° N, 85.889602° E",17:21,
"20.359207° N, 85.694564° E",11:19,
"20.358855° N, 85.855825° E",08:09,
"20.355665° N, 85.841286° E",14:53,
"20.348479° N, 85.758292° E",13:20,
"20.354630° N, 85.900430° E",12:13,
"20.350404° N, 85.831885° E",07:54,
"20.358196° N, 85.837109° E",09:52,
"20.358586° N, 85.927161° E",11:17,
"20.347002° N, 85.801117° E",15:39,
"20.347713° N, 85.814410° E",14:08,
"20.355163° N, 85.897684° E",05:35,
"20.353733° N, 85.789195° E",14:28,
"20.352854° N, 85.797436° E",04:30,
"20.357487° N, 85.847498° E",13:20,
"20.358669° N, 85.846492° E",07:53,
"20.350096° N, 85.865526° E",08:34,
"20.354360° N, 85.929336° E",19:11,
"20.359485° N, 85.927374° E",09:45,
"20.351879° N, 85.855915° E",16:43,
"20.360944° N, 85.906484° E",14:23,
"20.360340° N, 85.765102° E",13:49,
"20.356251° N, 85.830418° E",13:07,
"20.361221° N, 85.902074° E",11:50,
"20.360346° N, 85.710220° E",13:22,
"20.351810° N, 85.787085° E",15:00,
"20.356583° N, 85.774833° E",12:05,
"20.354671° N, 85.701488° E",13:42,
"20.355430° N, 85.879888° E",15:56,
"20.363515° N, 85.781379° E",15:06,
"20.351450° N, 85.782013° E",08:56,
"20.352124° N, 85.825593° E",15:51,
"20.353484° N, 85.882648° E",12:13,
"20.355552° N, 85.695520° E",12:31,
"20.354506° N, 85.897019° E",14:04,
"20.354634° N, 85.741717° E",09:12,
"20.353450° N, 85.802889° E",07:34,
"20.359630° N, 85.855438° E",09:49,
"20.349600° N, 85.731561° E",13:23,
"20.363174° N, 85.870277° E",11:20,
"20.347273° N, 85.782456° E",09:37,
"20.363603° N, 85.848175° E",05:58,
"20.359716° N, 85.855827° E",14:03,
"20.352037° N, 85.896924° E",14:30,
"20.362830° N, 85.806437° E",13:55,
"20.358160° N, 85.760361° E",10:50,
"20.353248° N, 85.863974° E",14:28,
"20.353906° N, 85.779546° E",10:08,
"20.354698° N, 85.795718° E",13:22,
"20.354138° N, 85.881809° E",07:53,
"20.360815° N, 85.813963° E",14:15,
"20.355143° N, 85.711810° E",13:47,
"20.359158° N, 85.814859° E",14:59,
"20.347552° N, 85.849086° E",07:31,
"20.353196° N, 85.791020° E",10:11,
"20.349855° N, 85.788948° E",06:32,
"20.360328° N, 85.719259° E",07:45,
"20.352177° N, 85.839283° E",16:03,
"20.352321° N, 85.741357° E",16:33,
"20.351123° N, 85.735419° E",05:31,
"20.362420° N, 85.751051° E",10:16,
"20.351005° N, 85.924407° E",07:32,
"20.353069° N, 85.830233° E",12:44,
"20.350674° N, 85.893892° E",13:24,
"20.359403° N, 85.884457° E",17:30,
"20.348790° N, 85.835503° E",08:56,
"20.354276° N, 85.937858° E",07:55,
"20.348210° N, 85.886650° E",14:11,
"20.353053° N, 85.763445° E",10:44,
"20.363165° N, 85.781912° E",14:24,
"20.349646° N, 85.856584° E",11:03,
"20.351149° N, 85.910308° E",10:42,
"20.363085° N, 85.821924° E",07:26,
"20.359563° N, 85.791336° E",09:24,
"20.356464° N, 85.881253° E",18:51,
"20.349779° N, 85.799056° E",04:16,
"20.357131° N, 85.796946° E",12:58,
"20.361767° N, 85.752207° E",12:39,
"20.357174° N, 85.752646° E",05:28,
"20.351393° N, 85.780140° E",13:24,
"20.348525° N, 85.740791° E",14:16,
"20.352296° N, 85.940572° E",16:58,
"20.347712° N, 85.773962° E",07:03,
"20.356722° N, 85.947998° E",14:04,
"20.363701° N, 85.848868° E",07:25,
"20.356933° N, 85.853013° E",13:14,
"20.355605° N, 85.860973° E",11:30,
"20.352714° N, 85.859376° E",08:07,
"20.357187° N, 85.906434° E",11:31,
"20.353812° N, 85.751004° E",17:54,
"20.362935° N, 85.790303° E",10:11,
"20.358347° N, 85.927755° E",15:46,
"20.356654° N, 85.791089° E",21:54,
"20.350144° N, 85.872286° E",10:09,
"20.353693° N, 85.856154° E",19:48,
"20.359272° N, 85.755092° E",04:23,
"20.353961° N, 85.763953° E",18:47,
"20.355953° N, 85.834772° E",09:53,
"20.360370° N, 85.796978° E",10:52,
"20.360574° N, 85.772471° E",11:53,
"20.354166° N, 85.815547° E",09:47,
"20.355557° N, 85.745232° E",11:45,
"20.351124° N, 85.716869° E",15:38,
"20.361814° N, 85.741156° E",08:34,
"20.352837° N, 85.817402° E",07:08,
"20.358068° N, 85.933827° E",15:31,
"20.352007° N, 85.838701° E",13:21,
"20.363708° N, 85.863489° E",11:29,
"20.355253° N, 85.952556° E",06:02,
"20.353610° N, 85.916822° E",13:55,
"20.349498° N, 85.751950° E",16:02,
"20.359868° N, 85.889173° E",15:01,
"20.360930° N, 85.737269° E",07:46,
"20.357577° N, 85.689965° E",08:08,
"20.358606° N, 85.897045° E",12:57,
"20.356566° N, 85.851908° E",15:58,
"20.352040° N, 85.786120° E",22:27,
"20.354286° N, 85.935203° E",06:45,
"20.348112° N, 85.759464° E",10:09,
"20.358250° N, 85.760835° E",07:05,
"20.353299° N, 85.932034° E",13:37,
"20.350308° N, 85.762297° E",10:53,
"20.352196° N, 85.800535° E",08:14,
"20.353970° N, 85.829862° E",12:23,
"20.348694° N, 85.852876° E",13:59,
"20.347400° N, 85.833487° E",11:00,
"20.361371° N, 85.838112° E",09:51,
"20.351624° N, 85.894112° E",10:53,
"20.352767° N, 85.747217° E",04:48,
"20.349764° N, 85.822612° E",08:29,
"20.356376° N, 85.883350° E",06:51,
"20.349139° N, 85.808538° E",14:27,
"20.360817° N, 85.710423° E",11:55,
"20.356151° N, 85.805401° E",09:52,
"20.354890° N, 85.702162° E",16:44,
"20.358746° N, 85.853021° E",11:18,
"20.355271° N, 85.937779° E",16:24,
"20.361371° N, 85.800996° E",09:23,
"20.359190° N, 85.898577° E",07:57,
"20.354785° N, 85.915422° E",18:10,
"20.348329° N, 85.761266° E",09:48,
"20.355838° N, 85.800439° E",08:36,
"20.359828° N, 85.910061° E",15:20,
"20.351050° N, 85.829688° E",07:40,
"20.355572° N, 85.878916° E",10:19,
"20.355885° N, 85.780537° E",13:12,
"20.362709° N, 85.773926° E",08:40,
"20.356501° N, 85.845420° E",10:42,
"20.357843° N, 85.765248° E",13:10,
"20.354451° N, 85.727665° E",12:50,
"20.358231° N, 85.687282° E",14:48,
"20.357724° N, 85.949466° E",13:50,
"20.351851° N, 85.721302° E",14:54,
"20.356860° N, 85.868032° E",11:23,
"20.349395° N, 85.747749° E",08:09,
"20.351969° N, 85.826286° E",12:37,
"20.351814° N, 85.782269° E",01:48,
"20.354480° N, 85.933830° E",14:36,
"20.350040° N, 85.723698° E",09:03,
"20.359575° N, 85.719247° E",09:12,
"20.358661° N, 85.931670° E",05:56,
"20.356185° N, 85.892093° E",05:21,
"20.356542° N, 85.721707° E",15:36,
"20.354050° N, 85.716460° E",13:42,
"20.354228° N, 85.951263° E",11:21,
"20.347082° N, 85.814655° E",08:22,
"20.359335° N, 85.721624° E",06:30,
"20.355993° N, 85.700543° E",09:54,
"20.349092° N, 85.794040° E",16:06,
"20.357488° N, 85.781295° E",11:42,
"20.349763° N, 85.821228° E",11:01,
"20.355839° N, 85.946666° E",05:57,
"20.355132° N, 85.795227° E",11:07,
"20.356047° N, 85.825737° E",17:48,
"20.358415° N, 85.925553° E",11:33,
"20.348196° N, 85.781975° E",13:32,
"20.358826° N, 85.815323° E",15:39,
"20.350801° N, 85.729456° E",12:58,
"20.354060° N, 85.846659° E",15:44,
"20.357839° N, 85.840795° E",18:18,
"20.350441° N, 85.754667° E",09:52,
"20.353931° N, 85.916421° E",14:40,
"20.347876° N, 85.887686° E",16:29,
"20.350221° N, 85.845891° E",12:45,
"20.361575° N, 85.866372° E",12:57,
"20.353202° N, 85.878108° E",07:19,
"20.357421° N, 85.911304° E",10:07,
"20.349826° N, 85.905067° E",18:23,
"20.352643° N, 85.754019° E",05:09,
"20.350005° N, 85.727754° E",11:23,
"20.359607° N, 85.832524° E",11:06,
"20.362655° N, 85.847269° E",10:08,
"20.355677° N, 85.741750° E",10:10,
"20.353243° N, 85.872472° E",12:13,
"20.354946° N, 85.752961° E",09:51,
"20.349258° N, 85.820266° E",11:09,
"20.354028° N, 85.777812° E",13:24,
"20.356748° N, 85.929280° E",06:22,
"20.350708° N, 85.915943° E",09:06,
"20.349254° N, 85.897463° E",12:23,
"20.358336° N, 85.895484° E",13:03,
"20.360286° N, 85.833228° E",14:16,
"20.349793° N, 85.782382° E",15:02,
"20.350528° N, 85.754524° E",08:33,
"20.362128° N, 85.817318° E",13:02,
"20.346967° N, 85.816864° E",07:33,
"20.360940° N, 85.753080° E",14:41,
"20.359708° N, 85.734930° E",11:33,
"20.347531° N, 85.819154° E",09:06,
"20.355603° N, 85.903522° E",13:26,
"20.353653° N, 85.790265° E",09:16,
"20.357353° N, 85.845157° E",12:02,
"20.358712° N, 85.872431° E",09:25,
"20.354221° N, 85.769919° E",13:19,
"20.359553° N, 85.919244° E",16:25,
"20.351842° N, 85.849074° E",06:21,
"20.356533° N, 85.694730° E",06:11,
"20.348563° N, 85.741895° E",08:22,
"20.357193° N, 85.860234° E",06:49,
"20.351810° N, 85.708555° E",18:37,
"20.363948° N, 85.829445° E",19:53,
"20.350852° N, 85.769063° E",18:32,
"20.348907° N, 85.747164° E",08:16,
"20.351010° N, 85.759369° E",10:25,
"20.350931° N, 85.925965° E",12:43,
"20.362777° N, 85.787282° E",15:56,
"20.352028° N, 85.809462° E",11:53,
"20.350477° N, 85.918592° E",08:14,
"20.358522° N, 85.752721° E",06:53,
"20.350800° N, 85.802750° E",15:53,
"20.349613° N, 85.759117° E",20:18,
"20.355090° N, 85.858418° E",13:15,
"20.349851° N, 85.897962° E",16:46,
"20.351732° N, 85.732008° E",20:30,
"20.352418° N, 85.750084° E",15:10,
"20.348560° N, 85.875578° E",09:47,
"20.353025° N, 85.730438° E",04:09,
"20.358276° N, 85.823560° E",12:17,
"20.361062° N, 85.708356° E",10:00,
"20.358894° N, 85.779577° E",08:50,
"20.354515° N, 85.795602° E",15:47,
"20.357659° N, 85.830612° E",10:30,
"20.350091° N, 85.722105° E",16:32,
"20.350876° N, 85.820716° E",07:29,
"20.348835° N, 85.865382° E",08:57,
"20.357345° N, 85.820177° E",11:15,
"20.357045° N, 85.857827° E",14:31,
"20.361390° N, 85.851955° E",08:01,
"20.359786° N, 85.709151° E",12:54,
"20.357684° N, 85.773340° E",14:14,
"20.354259° N, 85.749648° E",13:12,
"20.357792° N, 85.937608° E",10:28,
"20.351642° N, 85.797069° E",15:36,
"20.347505° N, 85.787704° E",12:54,
"20.357830° N, 85.861949° E",07:13,
"20.353592° N, 85.889282° E",18:10,
"20.353786° N, 85.765096° E",11:21,
"20.356710° N, 85.731659° E",06:16,
"20.348857° N, 85.758265° E",22:05,
"20.355309° N, 85.759029° E",14:27,
"20.357442° N, 85.880508° E",15:11,
"20.353960° N, 85.809444° E",12:47,
"20.359860° N, 85.761812° E",15:42,
"20.358951° N, 85.821004° E",11:34,
"20.356193° N, 85.747456° E",14:51,
"20.361531° N, 85.766625° E",14:18,
"20.351419° N, 85.892927° E",10:09,
"20.358976° N, 85.901829° E",04:47,
"20.361499° N, 85.784155° E",13:52,
"20.361604° N, 85.860202° E",10:37,
"20.361627° N, 85.836479° E",07:03,
"20.356869° N, 85.736980° E",04:50,
"20.357081° N, 85.719461° E",15:20,
"20.348830° N, 85.744068° E",12:48,
"20.356412° N, 85.832453° E",17:07,
"20.351266° N, 85.744808° E",14:24,
"20.354449° N, 85.806966° E",09:53,
"20.355137° N, 85.727289° E",03:36,
"20.349082° N, 85.878075° E",13:01,
"20.355717° N, 85.690243° E",09:15,
"20.356134° N, 85.918069° E",18:39,
"20.353159° N, 85.934705° E",07:34,
"20.351335° N, 85.920589° E",08:58,
"20.359085° N, 85.875689° E",15:04,
"20.349590° N, 85.788268° E",16:36,
"20.357347° N, 85.781627° E",06:28,
"20.347211° N, 85.795916° E",10:36,
"20.358964° N, 85.901991° E",15:46,
"20.349871° N, 85.853581° E",19:09,
"20.361189° N, 85.776116° E",14:05,
"20.350856° N, 85.912126° E",14:13,
"20.347415° N, 85.870676° E",14:38,
"20.352187° N, 85.925707° E",11:10,
"20.362125° N, 85.796389° E",21:28,
"20.346911° N, 85.829119° E",10:27,
"20.349237° N, 85.901193° E",12:54,
"20.347522° N, 85.786429° E",14:06,
"20.360239° N, 85.792898° E",13:33,
"20.350625° N, 85.863307° E",14:58,
"20.358675° N, 85.909054° E",12:19,
"20.353361° N, 85.923752° E",09:38,
"20.361242° N, 85.854427° E",13:49,
"20.354730° N, 85.889809° E",13:55,
"20.362899° N, 85.885321° E",12:04,
"20.357834° N, 85.762569° E",10:14,
"20.356600° N, 85.904128° E",13:36,
"20.349637° N, 85.870578° E",10:50,
"20.360575° N, 85.852530° E",14:14,
"20.351242° N, 85.725050° E",16:58,
"20.357940° N, 85.782920° E",01:36,
"20.352467° N, 85.828121° E",10:35,
"20.357913° N, 85.697091° E",10:13,
"20.348814° N, 85.735284° E",16:00,
"20.349957° N, 85.835132° E",13:34,
"20.360465° N, 85.832484° E",16:22,
"20.362715° N, 85.879806° E",19:23,
"20.362739° N, 85.774393° E",07:36,
"20.355421° N, 85.741292° E",05:48,
"20.358024° N, 85.692582° E",14:12,
"20.351147° N, 85.867639° E",07:18,
"20.354331° N, 85.716625° E",04:36,
"20.359200° N, 85.881694° E",13:12,
"20.348613° N, 85.820634° E",09:41,
"20.354729° N, 85.694204° E",16:28,
"20.360908° N, 85.762254° E",16:47,
"20.359890° N, 85.821193° E",14:16,
"20.350605° N, 85.794741° E",09:49,
"20.359290° N, 85.706785° E",16:44,
"20.353137° N, 85.682522° E",14:05,
"20.349045° N, 85.827045° E",17:17,
"20.351663° N, 85.709412° E",16:12,
"20.354425° N, 85.754030° E",17:45,
"20.353751° N, 85.741317° E",12:43,
"20.358692° N, 85.843800° E",13:53,
"20.348738° N, 85.732667° E",11:13,
"20.352107° N, 85.861185° E",05:43,
"20.351456° N, 85.760731° E",14:14,
"20.352751° N, 85.898984° E",05:44,
"20.359466° N, 85.815479° E",17:04,
"20.354876° N, 85.917683° E",13:59,
"20.360176° N, 85.778106° E",11:57,
"20.350610° N, 85.710672° E",13:33,
"20.348856° N, 85.749426° E",05:07,
"20.359900° N, 85.820733° E",11:17,
"20.357745° N, 85.753943° E",14:44,
"20.357047° N, 85.904951° E",14:34,
"20.352354° N, 85.771788° E",11:32,
"20.355783° N, 85.825419° E",09:05,
"20.358018° N, 85.780484° E",02:23,
"20.355815° N, 85.946334° E",07:11,
"20.356632° N, 85.811077° E",18:42,
"20.350991° N, 85.842686° E",15:05,
"20.359550° N, 85.864724° E",13:06,
"20.348235° N, 85.806182° E",16:21,
"20.350614° N, 85.919396° E",03:30,
"20.357977° N, 85.921239° E",05:11,
"20.355063° N, 85.875522° E",13:00,
"20.352769° N, 85.847746° E",09:39,
"20.353743° N, 85.917066° E",09:21,
"20.361412° N, 85.712586° E",07:19,
"20.352364° N, 85.732546° E",08:31,
"20.363140° N, 85.887559° E",05:33,
"20.355009° N, 85.915996° E",07:19,
"20.361134° N, 85.916830° E",10:23,
"20.351961° N, 85.740936° E",13:56,
"20.357101° N, 85.756889° E",05:11,
"20.350018° N, 85.762415° E",12:35,
"20.359823° N, 85.918321° E",15:46,
"20.349787° N, 85.733951° E",08:33,
"20.354218° N, 85.938586° E",11:14,
"20.355235° N, 85.704473° E",09:35,
"20.356776° N, 85.950884° E",12:21,
"20.356651° N, 85.797724° E",11:44,
"20.354620° N, 85.907852° E",11:04,
"20.353420° N, 85.946687° E",13:11,
"20.356716° N, 85.797810° E",13:17,
"20.359873° N, 85.750124° E",16:35,
"20.347439° N, 85.814796° E",02:58,
"20.360179° N, 85.843760° E",05:48,
"20.360524° N, 85.821127° E",13:36,
"20.353846° N, 85.711108° E",20:16,
"20.356723° N, 85.902734° E",08:55,
"20.356677° N, 85.908821° E",08:36,
"20.360552° N, 85.908653° E",02:59,
"20.346846° N, 85.787366° E",12:33,
"20.361364° N, 85.900773° E",15:43,
"20.347629° N, 85.845170° E",08:50,
"20.348369° N, 85.892514° E",14:19,
"20.351542° N, 85.709197° E",15:17,
"20.351854° N, 85.934065° E",09:56,
"20.360172° N, 85.878753° E",10:33,
"20.357192° N, 85.713056° E",09:46,
"20.351048° N, 85.749281° E",10:53,
"20.358849° N, 85.791257° E",08:04,
"20.350328° N, 85.707441° E",07:59,
"20.361752° N, 85.843806° E",19:04,
"20.349182° N, 85.852986° E",14:00,
"20.353640° N, 85.917598° E",16:10,
"20.357091° N, 85.948719° E",16:03,
"20.356118° N, 85.759731° E",08:40,
"20.357502° N, 85.934954° E",09:31,
"20.355274° N, 85.889373° E",16:11,
"20.359712° N, 85.796537° E",15:01,
"20.360916° N, 85.759744° E",16:27,
"20.359588° N, 85.746931° E",20:40,
"20.352658° N, 85.866002° E",13:57,
"20.359700° N, 85.884998° E",02:55,
"20.349412° N, 85.873671° E",10:18,
"20.360828° N, 85.900120° E",08:02,
"20.356842° N, 85.690619° E",12:48,
"20.348341° N, 85.793749° E",16:22,
"20.360861° N, 85.902351° E",17:14,
"20.351494° N, 85.718790° E",09:16,
"20.356269° N, 85.751355° E",09:01,
"20.360419° N, 85.858530° E",13:39,
"20.351915° N, 85.817667° E",14:48,
"20.362316° N, 85.893398° E",16:06,
"20.363150° N, 85.878911° E",18:50,
"20.354788° N, 85.888099° E",09:50,
"20.351264° N, 85.881035° E",15:38,
"20.360273° N, 85.752422° E",14:05,
"20.359313° N, 85.708090° E",06:30,
"20.361910° N, 85.853632° E",07:10,
"20.359770° N, 85.901916° E",03:44,
"20.347704° N, 85.881484° E",11:40,
"20.359343° N, 85.801940° E",09:25,
"20.351379° N, 85.873627° E",18:01,
"20.358198° N, 85.898321° E",19:52,
"20.347249° N, 85.790067° E",07:29,
"20.356062° N, 85.751793° E",06:02,
"20.355831° N, 85.720640° E",17:16,
"20.356644° N, 85.719466° E",17:25,
"20.358101° N, 85.700133° E",12:45,
"20.361182° N, 85.821912° E",13:08,
"20.349121° N, 85.850295° E",06:56,
"20.347041° N, 85.771403° E",08:26,
"20.360393° N, 85.904094° E",16:16,
"20.350797° N, 85.847047° E",07:44,
"20.355818° N, 85.910456° E",13:09,
"20.358108° N, 85.740359° E",07:46,
"20.362465° N, 85.732376° E",17:06,
"20.354788° N, 85.899053° E",08:02,
"20.360773° N, 85.869577° E",08:34,
"20.356146° N, 85.738174° E",03:36,
"20.357973° N, 85.942331° E",14:09,
"20.362474° N, 85.877555° E",11:57,
"20.356393° N, 85.930640° E",14:10,
"20.360410° N, 85.775039° E",07:30,
"20.355097° N, 85.781557° E",10:49,
"20.363336° N, 85.844346° E",15:10,
"20.360150° N, 85.757052° E",13:22,
"20.361524° N, 85.902958° E",09:54,
"20.357134° N, 85.756223° E",12:21,
"20.356023° N, 85.804346° E",12:57,
"20.352751° N, 85.903139° E",10:48,
"20.353049° N, 85.768040° E",14:27,
"20.352792° N, 85.818074° E",07:44,
"20.347987° N, 85.879475° E",02:01,
"20.359859° N, 85.744102° E",06:18,
"20.358143° N, 85.688320° E",06:37,
"20.352641° N, 85.929363° E",08:23,
"20.353067° N, 85.836050° E",11:25,
"20.348668° N, 85.837975° E",14:44,
"20.353102° N, 85.856398° E",11:37,
"20.353966° N, 85.914208° E",14:20,
"20.353873° N, 85.851958° E",11:45,
"20.349975° N, 85.784866° E",20:07,
"20.354290° N, 85.864006° E",13:37,
"20.361582° N, 85.844888° E",08:44,
"20.356414° N, 85.817379° E",17:47,
"20.357546° N, 85.874466° E",14:14,
"20.353458° N, 85.774746° E",12:02,
"20.351837° N, 85.741816° E",19:07,
"20.354184° N, 85.902707° E",12:43,
"20.348213° N, 85.822496° E",15:57,
"20.350491° N, 85.839093° E",12:21,
"20.358223° N, 85.939834° E",10:48,
"20.353378° N, 85.885357° E",15:40,
"20.346823° N, 85.792515° E",13:07,
"20.346868° N, 85.846029° E",18:09,
"20.357748° N, 85.852050° E",14:23,
"20.354441° N, 85.714946° E",10:06,
"20.360613° N, 85.792369° E",10:35,
"20.352282° N, 85.774566° E",11:23,
"20.351392° N, 85.725344° E",09:50,
"20.364346° N, 85.817348° E",14:18,
"20.353487° N, 85.931980° E",16:24,
"20.354352° N, 85.864401° E",11:48,
"20.363543° N, 85.871590° E",10:10,
"20.355706° N, 85.732831° E",12:40,
"20.355406° N, 85.782267° E",17:51,
"20.352262° N, 85.715639° E",11:43,
"20.355764° N, 85.858594° E",13:54,
"20.355890° N, 85.768958° E",06:54,
"20.358783° N, 85.809715° E",15:54,
"20.354388° N, 85.945998° E",07:33,
"20.348463° N, 85.761182° E",13:12,
"20.359138° N, 85.864343° E",14:19,
"20.351782° N, 85.708242° E",15:09,
"20.356794° N, 85.760111° E",15:59,
"20.360943° N, 85.847791° E",12:35,
"20.355989° N, 85.683466° E",12:50,
"20.360628° N, 85.814820° E",07:59,
"20.361475° N, 85.913135° E",09:24,
"20.360666° N, 85.869368° E",09:37,
"20.362612° N, 85.857159° E",19:22,
"20.357977° N, 85.748823° E",06:25,
"20.363541° N, 85.835864° E",12:15,
"20.352309° N, 85.940925° E",16:42,
"20.360314° N, 85.774014° E",11:49,
"20.353469° N, 85.747378° E",15:58,
"20.351675° N, 85.823865° E",15:36,
"20.357135° N, 85.944886° E",10:17,
"20.352847° N, 85.764894° E",11:08,
"20.351758° N, 85.895481° E",17:31,
"20.359137° N, 85.771039° E",15:17,
"20.349781° N, 85.854030° E",15:16,
"20.360722° N, 85.836554° E",11:11,
"20.352336° N, 85.698326° E",15:00,
"20.360996° N, 85.851034° E",16:46,
"20.350855° N, 85.793144° E",16:32,
"20.350135° N, 85.817845° E",17:07,
"20.361324° N, 85.772151° E",14:26,
"20.356205° N, 85.690646° E",18:34,
"20.347609° N, 85.868861° E",10:13,
"20.349630° N, 85.770142° E",17:23,
"20.355778° N, 85.721357° E",18:28,
"20.350532° N, 85.808974° E",09:00,
"20.353490° N, 85.769806° E",11:31,
"20.361405° N, 85.881263° E",02:42,
"20.347676° N, 85.816058° E",10:39,
"20.355593° N, 85.801605° E",09:28,
"20.349837° N, 85.751920° E",14:52,
"20.352214° N, 85.933879° E",19:08,
"20.360928° N, 85.926124° E",11:51,
"20.360556° N, 85.890418° E",15:57,
"20.350970° N, 85.884543° E",06:01,
"20.359871° N, 85.874432° E",10:39,
"20.355300° N, 85.702943° E",08:43,
"20.354377° N, 85.716905° E",18:19,
"20.352500° N, 85.755100° E",16:57,
"20.349349° N, 85.915425° E",08:53,
"20.355672° N, 85.854349° E",14:40,
"20.350537° N, 85.900055° E",13:46,
"20.360279° N, 85.787159° E",15:41,
"20.347950° N, 85.749483° E",09:37,
"20.352644° N, 85.889143° E",07:43,
"20.349834° N, 85.865479° E",14:30,
"20.349158° N, 85.747336° E",14:30,
"20.359068° N, 85.822773° E",16:12,
"20.351855° N, 85.909657° E",03:31,
"20.352051° N, 85.778368° E",19:09,
"20.363876° N, 85.850472° E",14:23,
"20.356046° N, 85.749048° E",18:09,
"20.362636° N, 85.863246° E",12:07,
"20.354070° N, 85.722619° E",08:46,
"20.361410° N, 85.749235° E",16:57,
"20.356133° N, 85.703956° E",12:22,
"20.354227° N, 85.689538° E",14:50,
"20.354266° N, 85.683117° E",07:12,
"20.353763° N, 85.900355° E",14:26,
"20.363274° N, 85.756623° E",08:23,
"20.358373° N, 85.760813° E",20:33,
"20.358576° N, 85.762456° E",14:53,
"20.352550° N, 85.697580° E",11:02,
"20.347550° N, 85.779058° E",12:33,
"20.360411° N, 85.754954° E",13:34,
"20.348380° N, 85.780281° E",10:38,
"20.355727° N, 85.870554° E",11:26,
"20.352517° N, 85.748931° E",13:41,
"20.357473° N, 85.784774° E",13:44,
"20.357587° N, 85.853677° E",10:50,
"20.351143° N, 85.701351° E",13:49,
"20.357849° N, 85.775375° E",05:33,
"20.360416° N, 85.758066° E",01:23,
"20.358661° N, 85.746411° E",12:46,
"20.362732° N, 85.869190° E",14:02,
"20.361988° N, 85.839166° E",10:25,
"20.349354° N, 85.849484° E",08:59,
"20.357209° N, 85.710741° E",18:43,
"20.351795° N, 85.894324° E",10:41,
"20.357400° N, 85.875737° E",10:40,
"20.355326° N, 85.721671° E",12:36,
"20.350030° N, 85.846962° E",11:54,
"20.357546° N, 85.851762° E",16:09,
"20.360789° N, 85.843740° E",13:07,
"20.361878° N, 85.827513° E",12:01,
"20.349906° N, 85.878024° E",02:05,
"20.358617° N, 85.743565° E",01:29,
"20.355825° N, 85.898545° E",17:50,
"20.352067° N, 85.693842° E",09:29,
"20.351832° N, 85.823578° E",10:09,
"20.348268° N, 85.764846° E",09:06,
"20.361641° N, 85.811162° E",07:36,
"20.352264° N, 85.869202° E",10:38,
"20.362030° N, 85.776552° E",12:36,
"20.357905° N, 85.737250° E",08:47,
"20.360504° N, 85.811855° E",11:43,
"20.359182° N, 85.884036° E",14:31,
"20.346825° N, 85.802661° E",08:20,
"20.362709° N, 85.829538° E",18:25,
"20.351146° N, 85.930946° E",13:24,
"20.358703° N, 85.743092° E",18:46,
"20.353462° N, 85.894823° E",10:37,
"20.357984° N, 85.838949° E",11:14,
"20.360128° N, 85.824423° E",11:39,
"20.352387° N, 85.895128° E",11:59,
"20.362807° N, 85.760050° E",01:39,
"20.349640° N, 85.819535° E",03:04,
"20.350712° N, 85.736472° E",09:46,
"20.357960° N, 85.687877° E",18:30,
"20.356586° N, 85.889327° E",14:28,
"20.349362° N, 85.725570° E",06:07,
"20.354912° N, 85.683611° E",11:28,
"20.363849° N, 85.779523° E",09:20,
"20.358731° N, 85.897795° E",14:29,
"20.353238° N, 85.689731° E",14:56,
"20.353137° N, 85.719952° E",06:57,
"20.350679° N, 85.834328° E",03:26,
"20.352763° N, 85.896323° E",15:36,
"20.348865° N, 85.890259° E",08:39,
"20.351415° N, 85.821909° E",10:41,
"20.359749° N, 85.915033° E",08:45,
"20.358593° N, 85.827536° E",10:50,
"20.358141° N, 85.791849° E",10:36,
"20.356792° N, 85.717053° E",10:18,
"20.348355° N, 85.859462° E",07:22,
"20.349716° N, 85.716453° E",14:32,
"20.356761° N, 85.793238° E",10:57,
"20.351660° N, 85.933887° E",12:42,
"20.355555° N, 85.840685° E",10:34,
"20.348287° N, 85.891011° E",07:31,
"20.349182° N, 85.736622° E",08:16,
"20.360016° N, 85.929462° E",10:03,
"20.362777° N, 85.884713° E",09:43,
"20.347958° N, 85.865073° E",12:15,
"20.362063° N, 85.806547° E",09:00,
"20.359914° N, 85.899457° E",13:17,
"20.357899° N, 85.792666° E",17:43,
"20.350174° N, 85.742789° E",09:56,
"20.361132° N, 85.784035° E",17:59,
"20.354912° N, 85.817872° E",10:51,
"20.347561° N, 85.852385° E",12:21,
"20.355251° N, 85.913307° E",00:53,
"20.358594° N, 85.770212° E",13:40,
"20.350346° N, 85.910386° E",08:04,
"20.362797° N, 85.888675° E",09:54,
"20.354432° N, 85.828682° E",16:08,
"20.348535° N, 85.794215° E",15:42,
"20.359462° N, 85.852182° E",10:32,
"20.353903° N, 85.685527° E",10:29,
"20.348301° N, 85.763742° E",12:50,
"20.359449° N, 85.845194° E",13:01,
"20.358055° N, 85.736148° E",11:03,
"20.360901° N, 85.838334° E",07:56,
"20.358114° N, 85.809324° E",17:13,
"20.352305° N, 85.746220° E",14:34,
"20.349935° N, 85.875735° E",17:42,
"20.353911° N, 85.728424° E",07:30,
"20.357373° N, 85.843699° E",09:20,
"20.361871° N, 85.904157° E",05:54,
"20.349226° N, 85.829426° E",09:11,
"20.354488° N, 85.710744° E",10:15,
"20.352016° N, 85.924767° E",13:22,
"20.356671° N, 85.849369° E",14:45,
"20.353511° N, 85.829608° E",07:33,
"20.353672° N, 85.898867° E",09:06,
"20.359481° N, 85.760925° E",20:12,
"20.358394° N, 85.822817° E",07:15,
"20.355781° N, 85.734052° E",11:17,
"20.359385° N, 85.871453° E",18:10,
"20.353169° N, 85.692180° E",13:14,
"20.353230° N, 85.724592° E",12:47,
"20.353111° N, 85.712039° E",10:13,
"20.352434° N, 85.921893° E",04:32,
"20.356835° N, 85.891664° E",13:08,
"20.362894° N, 85.815906° E",19:12,
"20.364418° N, 85.826769° E",20:13,
"20.359020° N, 85.751799° E",09:48,
"20.358912° N, 85.883355° E",10:24,
"20.348837° N, 85.802005° E",12:23,
"20.358147° N, 85.722955° E",13:25,
"20.355591° N, 85.833393° E",10:20,
"20.351873° N, 85.698126° E",11:10,
"20.353078° N, 85.796794° E",14:51,
"20.348120° N, 85.846608° E",14:04,
"20.354820° N, 85.830495° E",18:12,
"20.362960° N, 85.764726° E",14:19,
"20.351160° N, 85.913721° E",15:25,
"20.358948° N, 85.881215° E",06:12,
"20.360044° N, 85.871870° E",10:00,
"20.348748° N, 85.768212° E",15:11,
"20.352733° N, 85.935888° E",17:25,
"20.351181° N, 85.717891° E",06:15,
"20.353912° N, 85.844309° E",15:32,
"20.354570° N, 85.921683° E",09:57,
"20.352505° N, 85.734447° E",11:35,
"20.362649° N, 85.850076° E",14:39,
"20.361392° N, 85.879493° E",14:38,
"20.354025° N, 85.786289° E",13:59,
"20.347502° N, 85.844248° E",09:37,
"20.349142° N, 85.875899° E",19:44,
"20.349678° N, 85.820156° E",10:00,
"20.357070° N, 85.726800° E",13:43,
"20.351021° N, 85.922439° E",10:58,
"20.352529° N, 85.891360° E",04:34,
"20.358923° N, 85.845023° E",08:10,
"20.356187° N, 85.842623° E",10:54,
"20.357689° N, 85.848963° E",13:23,
"20.355971° N, 85.892812° E",07:04,
"20.351263° N, 85.872781° E",03:19,
"20.363422° N, 85.869546° E",15:50,
"20.347612° N, 85.858666° E",09:35,
"20.350664° N, 85.725569° E",13:41,
"20.357615° N, 85.882738° E",16:16,
"20.364344° N, 85.821224° E",12:31,
"20.359439° N, 85.910064° E",12:08,
"20.355510° N, 85.856702° E",11:12,
"20.362887° N, 85.806433° E",10:23,
"20.351539° N, 85.773895° E",12:49,
"20.360353° N, 85.842504° E",08:24,
"20.354164° N, 85.828604° E",14:20,
"20.359484° N, 85.772073° E",07:47,
"20.352225° N, 85.707345° E",07:46,
"20.355435° N, 85.770177° E",14:20,
"20.348301° N, 85.881208° E",16:21,
"20.352381° N, 85.744527° E",07:28,
"20.347244° N, 85.793296° E",12:10,
"20.359568° N, 85.865193° E",16:38,
"20.360828° N, 85.853598° E",16:54,
"20.355916° N, 85.734196° E",15:18,
"20.356942° N, 85.860361° E",06:25,
"20.347631° N, 85.832445° E",08:27,
"20.349827° N, 85.832430° E",14:51,
"20.350087° N, 85.810129° E",11:51,
"20.364353° N, 85.808130° E",11:44,
"20.362738° N, 85.804476° E",19:22,
"20.356177° N, 85.790790° E",06:23,
"20.351804° N, 85.736341° E",13:30,
"20.352005° N, 85.842962° E",06:48,
"20.354073° N, 85.784655° E",17:01,
"20.361369° N, 85.825085° E",07:41,
"20.361139° N, 85.919271° E",09:04,
"20.356111° N, 85.931755° E",09:53,
"20.358480° N, 85.778650° E",16:01,
"20.354078° N, 85.704954° E",14:52,
"20.362337° N, 85.776572° E",13:01,
"20.358142° N, 85.749188° E",09:54,
"20.349538° N, 85.713131° E",12:53,
"20.363170° N, 85.842466° E",10:28,
"20.349440° N, 85.880576° E",13:02,
"20.364047° N, 85.840406° E",06:54,
"20.353433° N, 85.912879° E",11:27,
"20.355297° N, 85.781925° E",20:04,
"20.355299° N, 85.748610° E",15:29,
"20.346936° N, 85.856582° E",11:16,
"20.351798° N, 85.895127° E",13:02,
"20.362085° N, 85.892220° E",06:34,
"20.350193° N, 85.748643° E",17:34,
"20.358848° N, 85.777364° E",11:41,
"20.354999° N, 85.879231° E",07:05,
"20.354958° N, 85.930069° E",06:14,
"20.353099° N, 85.775108° E",17:02,
"20.360920° N, 85.843974° E",15:03,
"20.360507° N, 85.914033° E",13:13,
"20.357349° N, 85.923288° E",07:46,
"20.348483° N, 85.773431° E",19:18,
"20.360477° N, 85.854080° E",07:29,
"20.355944° N, 85.771343° E",13:02,
"20.356465° N, 85.913154° E",08:28,
"20.354380° N, 85.742538° E",10:23,
"20.358260° N, 85.813572° E",14:29,
"20.354501° N, 85.761096° E",11:19,
"20.359128° N, 85.931750° E",00:25,
"20.356039° N, 85.852359° E",17:23,
"20.357439° N, 85.829885° E",10:32,
"20.354982° N, 85.781022° E",11:18,
"20.356609° N, 85.922572° E",01:32,
"20.350500° N, 85.898087° E",10:06,
"20.359019° N, 85.909648° E",11:32,
"20.350405° N, 85.888707° E",12:34,
"20.360755° N, 85.820384° E",21:27,
"20.359812° N, 85.844370° E",15:46,
"20.361448° N, 85.793922° E",13:05,
"20.348076° N, 85.854863° E",09:42,
"20.363294° N, 85.787202° E",10:08,
"20.354244° N, 85.737910° E",23:14,
"20.351323° N, 85.776713° E",08:19,
"20.357385° N, 85.921098° E",14:30,
"20.352985° N, 85.713596° E",07:53,
"20.354197° N, 85.743451° E",05:09,
"20.346991° N, 85.774182° E",14:04,
"20.355333° N, 85.947104° E",20:13,
"20.348916° N, 85.874469° E",07:10,
"20.359965° N, 85.846996° E",05:29,
"20.353684° N, 85.767912° E",12:05,
"20.352851° N, 85.840150° E",14:16,
"20.356663° N, 85.709567° E",17:35,
"20.358643° N, 85.807194° E",10:12,
"20.360322° N, 85.718851° E",06:31,
"20.358168° N, 85.856029° E",06:13,
"20.352146° N, 85.850402° E",13:18,
"20.353843° N, 85.731763° E",07:09,
"20.354251° N, 85.881255° E",08:14,
"20.359581° N, 85.873591° E",05:37,
"20.353116° N, 85.933833° E",16:49,
"20.351817° N, 85.932644° E",09:47,
"20.359498° N, 85.735826° E",14:50,
"20.363460° N, 85.862362° E",11:11,
"20.347221° N, 85.867716° E",15:05,
"20.350105° N, 85.773669° E",11:52,
"20.351911° N, 85.879757° E",11:08,
"20.361325° N, 85.814250° E",09:07,
"20.361102° N, 85.843501° E",16:24,
"20.351316° N, 85.935491° E",09:40,
"20.360803° N, 85.821133° E",07:55,
"20.350881° N, 85.772393° E",17:13,
"20.356196° N, 85.693719° E",12:26,
"20.347786° N, 85.846261° E",10:42,
"20.359589° N, 85.786444° E",04:50,
"20.355953° N, 85.776597° E",05:20,
"20.354900° N, 85.729895° E",07:13,
"20.350791° N, 85.856884° E",08:02,
"20.355039° N, 85.790204° E",15:37,
"20.354727° N, 85.949060° E",19:23,
"20.357124° N, 85.772921° E",12:34,
"20.358703° N, 85.753618° E",14:24,
"20.348959° N, 85.847772° E",10:04,
"20.359995° N, 85.736257° E",14:49,
"20.351211° N, 85.850280° E",14:53,
"20.349265° N, 85.765747° E",08:33,
"20.352397° N, 85.794751° E",10:34,
"20.358804° N, 85.908274° E",18:33,
"20.357933° N, 85.775485° E",06:56,
"20.357001° N, 85.856415° E",13:48,
"20.354302° N, 85.948985° E",06:29,
"20.356245° N, 85.723054° E",10:20,
"20.354387° N, 85.855339° E",10:19,
"20.350940° N, 85.697131° E",20:10,
"20.360758° N, 85.772412° E",08:51,
"20.359923° N, 85.710534° E",18:36,
"20.360733° N, 85.704001° E",14:02,
"20.363570° N, 85.833252° E",13:41,
"20.355095° N, 85.944327° E",14:21,
"20.355598° N, 85.792733° E",06:46,
"20.354722° N, 85.776343° E",13:51,
"20.354611° N, 85.709125° E",16:24,
"20.360798° N, 85.836342° E",12:38,
"20.349467° N, 85.868241° E",06:52,
"20.364220° N, 85.787371° E",13:59,
"20.356377° N, 85.752274° E",08:31,
"20.360579° N, 85.864740° E",14:08,
"20.357620° N, 85.748285° E",10:04,
"20.353296° N, 85.926251° E",16:34,
"20.349776° N, 85.897648° E",19:08,
"20.346779° N, 85.810325° E",11:39,
"20.360472° N, 85.899946° E",13:46,
"20.351805° N, 85.874453° E",16:14,
"20.356174° N, 85.748684° E",16:18,
"20.362385° N, 85.785074° E",02:55,
"20.352274° N, 85.761832° E",12:48,
"20.351183° N, 85.787182° E",07:02,
"20.355628° N, 85.890335° E",08:04,
"20.351020° N, 85.760069° E",07:09,
"20.347720° N, 85.883279° E",14:13,
"20.360649° N, 85.880717° E",09:55,
"20.353473° N, 85.812304° E",12:52,
"20.351276° N, 85.815924° E",15:23,
"20.358153° N, 85.687996° E",14:47,
"20.358513° N, 85.732341° E",06:25,
"20.352644° N, 85.934946° E",19:01,
"20.357884° N, 85.701770° E",05:24,
"20.348051° N, 85.783701° E",13:48,
"20.360622° N, 85.731379° E",13:30,
"20.352509° N, 85.786469° E",10:38,
"20.347808° N, 85.864703° E",15:11,
"20.350391° N, 85.901924° E",11:28,
"20.361039° N, 85.900025° E",15:05,
"20.355777° N, 85.801853° E",10:07,
"20.361088° N, 85.766975° E",09:31,
"20.361974° N, 85.748729° E",10:59,
"20.359466° N, 85.930140° E",13:30,
"20.360972° N, 85.730806° E",19:31,
"20.357687° N, 85.701550° E",14:45,
"20.351022° N, 85.935884° E",16:42,
"20.360567° N, 85.711886° E",06:52,
"20.347392° N, 85.829339° E",11:34,
"20.348808° N, 85.739599° E",13:01,
"20.347890° N, 85.880551° E",06:19,
"20.351762° N, 85.911263° E",09:31,
"20.360419° N, 85.849204° E",18:07,
"20.364122° N, 85.833913° E",13:26,
"20.350207° N, 85.752236° E",16:03,
"20.348473° N, 85.740395° E",17:12,
"20.347815° N, 85.807467° E",10:28,
"20.361693° N, 85.754681° E",06:48,
"20.357547° N, 85.807528° E",10:28,
"20.349385° N, 85.732804° E",10:01,
"20.351832° N, 85.893809° E",14:13,
"20.360153° N, 85.765234° E",12:36,
"20.349740° N, 85.768452° E",12:52,
"20.350858° N, 85.853624° E",17:54,
"20.362573° N, 85.740803° E",14:22,
"20.351536° N, 85.734912° E",14:42,
"20.355150° N, 85.916367° E",16:33,
"20.359051° N, 85.914211° E",08:42,
"20.360445° N, 85.905844° E",13:47,
"20.361090° N, 85.823922° E",07:19,
"20.358660° N, 85.918777° E",10:36,
"20.353594° N, 85.902728° E",12:50,
"20.363574° N, 85.782259° E",15:05,
"20.363402° N, 85.843351° E",01:35,
"20.360321° N, 85.852303° E",07:20,
"20.347456° N, 85.818384° E",12:31,
"20.351279° N, 85.889983° E",10:33,
"20.348859° N, 85.824535° E",19:04,
"20.354048° N, 85.692663° E",05:59,
"20.360749° N, 85.866593° E",11:06,
"20.352443° N, 85.923471° E",11:33,
"20.350442° N, 85.810043° E",11:56,
"20.354526° N, 85.691219° E",16:04,
"20.358722° N, 85.831551° E",16:37,
"20.357532° N, 85.785319° E",09:34,
"20.362744° N, 85.784937° E",11:54,
"20.359450° N, 85.930034° E",10:14,
"20.356963° N, 85.948745° E",06:50,
"20.358794° N, 85.808761° E",07:41,
"20.348415° N, 85.895884° E",04:28,
"20.348523° N, 85.756114° E",10:01,
"20.353403° N, 85.785787° E",12:44,
"20.349803° N, 85.841550° E",01:58,
"20.362014° N, 85.849555° E",13:42,
"20.357949° N, 85.863147° E",11:00,
"20.360771° N, 85.910811° E",08:02,
"20.356262° N, 85.909948° E",10:15,
"20.358514° N, 85.935751° E",07:59,
"20.356961° N, 85.856760° E",15:51,
"20.350492° N, 85.880263° E",13:38,
"20.349494° N, 85.796380° E",14:25,
"20.359606° N, 85.870857° E",14:34,
"20.353659° N, 85.865066° E",10:46,
"20.353156° N, 85.849654° E",03:38,
"20.352112° N, 85.861842° E",10:01,
"20.353171° N, 85.872965° E",14:43,
"20.348580° N, 85.824129° E",10:37,
"20.360212° N, 85.715476° E",19:30,
"20.354226° N, 85.937266° E",10:36,
"20.349924° N, 85.754018° E",09:54,
"20.355409° N, 85.718011° E",14:58,
"20.362039° N, 85.833343° E",13:22,
"20.356654° N, 85.726412° E",11:31,
"20.354852° N, 85.764355° E",05:17,
"20.358386° N, 85.813015° E",13:46,
"20.356574° N, 85.896432° E",07:50,
"20.362471° N, 85.900688° E",19:55,
"20.354897° N, 85.705637° E",16:10,
"20.348596° N, 85.808896° E",12:19,
"20.348274° N, 85.740074° E",13:18,
"20.356288° N, 85.856177° E",10:26,
"20.358144° N, 85.854168° E",07:43,
