Location,Time
"20.350773 N, 85.821616 E",0:54:10
"20.351011 N, 85.812916 E",9:46:6
"20.348301 N, 85.810293 E",4:24:27
"20.357082 N, 85.813052 E",22:20:32
"20.359461 N, 85.823226 E",3:10:44
"20.348253 N, 85.816094 E",12:33:23
"20.356696 N, 85.814687 E",10:14:38
"20.355123 N, 85.809952 E",4:57:34
"20.360703 N, 85.809520 E",17:29:5
"20.347119 N, 85.813360 E",17:20:25
"20.348702 N, 85.806755 E",19:48:28
"20.360881 N, 85.808225 E",20:37:9
"20.348102 N, 85.820892 E",15:33:59
"20.347931 N, 85.822247 E",20:38:28
"20.351257 N, 85.820430 E",1:15:21
"20.360317 N, 85.821529 E",4:39:34
"20.349541 N, 85.815165 E",17:56:20
"20.361400 N, 85.819332 E",20:1:26
"20.346827 N, 85.821265 E",0:9:38
"20.355270 N, 85.823648 E",18:6:3
"20.346178 N, 85.813204 E",18:3:4
"20.360500 N, 85.817372 E",9:27:23
"20.360665 N, 85.809621 E",22:7:11
"20.348791 N, 85.810958 E",11:11:6
"20.354963 N, 85.817182 E",15:44:18
"20.345819 N, 85.811230 E",1:51:21
"20.356174 N, 85.807108 E",2:32:29
"20.364878 N, 85.823574 E",13:41:28
"20.365450 N, 85.813194 E",1:57:33
"20.363659 N, 85.823521 E",6:26:36
"20.352570 N, 85.817270 E",10:48:41
"20.363750 N, 85.809131 E",9:30:27
"20.365273 N, 85.811071 E",5:2:32
"20.353928 N, 85.812922 E",16:33:9
"20.357981 N, 85.825720 E",7:5:2
"20.355850 N, 85.821798 E",14:58:31
"20.354157 N, 85.816577 E",0:6:45
"20.346037 N, 85.818210 E",4:26:56
"20.345829 N, 85.806587 E",16:22:16
"20.354472 N, 85.815446 E",15:45:34
"20.360766 N, 85.821467 E",3:14:29
"20.361503 N, 85.813808 E",4:35:40
"20.350199 N, 85.823415 E",2:30:44
"20.347129 N, 85.820192 E",0:50:55
"20.347530 N, 85.816051 E",17:13:10
"20.362095 N, 85.814265 E",15:34:17
"20.348583 N, 85.819647 E",0:57:37
"20.362548 N, 85.817414 E",20:48:20
"20.360263 N, 85.812647 E",2:37:21
"20.349891 N, 85.812691 E",20:10:56
"20.356010 N, 85.812733 E",17:58:12
"20.348070 N, 85.815882 E",15:23:50
"20.349607 N, 85.812112 E",21:25:12
"20.356545 N, 85.815916 E",5:14:5
"20.345549 N, 85.806490 E",3:34:23
"20.364473 N, 85.813920 E",20:48:38
"20.348643 N, 85.807461 E",22:50:36
"20.355442 N, 85.808701 E",19:59:25
"20.359658 N, 85.823907 E",9:49:3
"20.362769 N, 85.813681 E",13:15:51
"20.363136 N, 85.814915 E",13:23:26
"20.365206 N, 85.809271 E",20:43:36
"20.364403 N, 85.820579 E",11:39:46
"20.356392 N, 85.816245 E",4:6:28
"20.356480 N, 85.819540 E",21:32:9
"20.352070 N, 85.821816 E",2:53:17
"20.346031 N, 85.811816 E",8:26:14
"20.355631 N, 85.810009 E",8:56:48
"20.352272 N, 85.813183 E",0:19:32
"20.354654 N, 85.808109 E",0:10:2
"20.362397 N, 85.808236 E",5:49:47
"20.345832 N, 85.819560 E",23:38:7
"20.347828 N, 85.809691 E",1:29:19
"20.351098 N, 85.821285 E",0:26:50
"20.362053 N, 85.815724 E",4:46:32
"20.358102 N, 85.824821 E",4:40:7
"20.348307 N, 85.811714 E",16:54:34
"20.352361 N, 85.817332 E",7:45:30
"20.358298 N, 85.819685 E",8:27:6
"20.355725 N, 85.822011 E",17:54:39
"20.349045 N, 85.816902 E",0:27:9
"20.364849 N, 85.813669 E",17:23:49
"20.346589 N, 85.820358 E",18:12:9
"20.359056 N, 85.824247 E",17:43:53
"20.359081 N, 85.820376 E",18:59:0
"20.346490 N, 85.824962 E",7:11:20
"20.351685 N, 85.822036 E",20:53:19
"20.363181 N, 85.807184 E",15:30:29
"20.355634 N, 85.819424 E",1:10:11
"20.354096 N, 85.811044 E",15:52:54
"20.359370 N, 85.822292 E",17:15:46
"20.359307 N, 85.817350 E",2:58:32
"20.361395 N, 85.812688 E",15:31:17
"20.359436 N, 85.822593 E",23:39:36
"20.352706 N, 85.817814 E",9:38:36
"20.349841 N, 85.821099 E",15:50:46
"20.362823 N, 85.818347 E",5:28:11
"20.359386 N, 85.815730 E",20:57:35
"20.347772 N, 85.815641 E",12:53:2
"20.362290 N, 85.825944 E",19:31:0
"20.350615 N, 85.816948 E",10:1:21
"20.358863 N, 85.807093 E",1:50:19
"20.359620 N, 85.819318 E",16:31:34
"20.348709 N, 85.815316 E",1:44:53
"20.357057 N, 85.813670 E",13:29:47
"20.356602 N, 85.822170 E",22:35:3
"20.360212 N, 85.819235 E",9:43:11
"20.354393 N, 85.819615 E",13:6:16
"20.353557 N, 85.809084 E",22:2:31
"20.357336 N, 85.806838 E",1:58:39
"20.352791 N, 85.814431 E",0:48:59
"20.351334 N, 85.817478 E",22:25:31
"20.350162 N, 85.821268 E",20:43:9
"20.349927 N, 85.825452 E",14:23:25
"20.358176 N, 85.807819 E",12:59:32
"20.363340 N, 85.808155 E",6:50:11
"20.350874 N, 85.809265 E",4:24:7
"20.359037 N, 85.808729 E",3:28:49
"20.357912 N, 85.819313 E",17:44:39
"20.358015 N, 85.807141 E",22:31:48
"20.361020 N, 85.818337 E",18:42:24
"20.356779 N, 85.806310 E",8:17:8
"20.358688 N, 85.806205 E",7:38:52
"20.357432 N, 85.820132 E",8:15:11
"20.355403 N, 85.812841 E",3:22:44
"20.365189 N, 85.817479 E",10:44:34
"20.359341 N, 85.815119 E",14:29:48
"20.357831 N, 85.813603 E",19:37:30
"20.361486 N, 85.818177 E",14:56:37
"20.345654 N, 85.820965 E",11:53:16
"20.351993 N, 85.820737 E",18:55:57
"20.360807 N, 85.812748 E",18:54:48
"20.357905 N, 85.824646 E",11:42:57
"20.365460 N, 85.806732 E",23:22:39
"20.352410 N, 85.824249 E",23:38:54
"20.350550 N, 85.823541 E",5:21:41
"20.356072 N, 85.824540 E",12:41:15
"20.359094 N, 85.812266 E",19:50:16
"20.365028 N, 85.816995 E",19:53:26
"20.348350 N, 85.816802 E",4:58:2
"20.358217 N, 85.824442 E",0:43:9
"20.360396 N, 85.816447 E",22:6:0
"20.353523 N, 85.815121 E",21:46:6
"20.348914 N, 85.825790 E",21:10:24
"20.354395 N, 85.820579 E",12:21:56
"20.348132 N, 85.820565 E",3:41:28
"20.348867 N, 85.825402 E",23:58:13
"20.349805 N, 85.820883 E",5:29:35
"20.361036 N, 85.814876 E",9:57:51
"20.365360 N, 85.808671 E",22:18:35
"20.360245 N, 85.824606 E",10:3:0
"20.350535 N, 85.824350 E",23:3:8
"20.355578 N, 85.817466 E",3:51:46
"20.345711 N, 85.810479 E",21:31:55
"20.352437 N, 85.820503 E",4:47:40
"20.347125 N, 85.822415 E",21:13:14
"20.348447 N, 85.818866 E",7:15:42
"20.347638 N, 85.823384 E",9:27:20
"20.345520 N, 85.806184 E",2:15:26
"20.350519 N, 85.816300 E",0:4:35
"20.350251 N, 85.811715 E",11:26:26
"20.359697 N, 85.817231 E",23:7:52
"20.357137 N, 85.810770 E",12:41:38
"20.362024 N, 85.823546 E",20:39:43
"20.364010 N, 85.806992 E",3:58:33
"20.347337 N, 85.809670 E",13:48:11
"20.346819 N, 85.810872 E",1:42:52
"20.356527 N, 85.812069 E",8:17:32
"20.349360 N, 85.820713 E",1:58:56
"20.353894 N, 85.821328 E",5:26:35
"20.357563 N, 85.825005 E",15:29:16
"20.361797 N, 85.818065 E",14:29:45
"20.359484 N, 85.812592 E",23:19:11
"20.357391 N, 85.823572 E",18:29:55
"20.354329 N, 85.819011 E",21:43:52
"20.362878 N, 85.820582 E",18:18:28
"20.362484 N, 85.815968 E",14:28:53
"20.349331 N, 85.825673 E",9:41:4
"20.358599 N, 85.811885 E",21:8:22
"20.364094 N, 85.806374 E",4:48:37
"20.364951 N, 85.823164 E",22:39:33
"20.365033 N, 85.806722 E",14:36:7
"20.357463 N, 85.823916 E",17:19:34
"20.365301 N, 85.818313 E",11:13:19
"20.363289 N, 85.806532 E",6:8:3
"20.362606 N, 85.809232 E",16:5:43
"20.362476 N, 85.810173 E",15:45:21
"20.353475 N, 85.821149 E",1:55:4
"20.351716 N, 85.815035 E",15:29:35
"20.361651 N, 85.814060 E",23:9:44
"20.357114 N, 85.823364 E",4:10:35
"20.351219 N, 85.821103 E",14:45:14
"20.345909 N, 85.820758 E",20:22:27
"20.349582 N, 85.806380 E",15:59:19
"20.349393 N, 85.820122 E",12:17:3
"20.349677 N, 85.809381 E",21:47:51
"20.357903 N, 85.816360 E",2:23:19
"20.355687 N, 85.816806 E",1:16:39
"20.360727 N, 85.818613 E",22:32:47
"20.364562 N, 85.822583 E",8:38:58
"20.349721 N, 85.814846 E",10:40:42
"20.347538 N, 85.822083 E",12:35:34
"20.361342 N, 85.806152 E",20:18:32
"20.358615 N, 85.822395 E",8:15:39
"20.356590 N, 85.806917 E",18:47:8
"20.359888 N, 85.819720 E",23:17:14
"20.357754 N, 85.822299 E",22:58:13
"20.352160 N, 85.810569 E",16:31:27
"20.362581 N, 85.810647 E",12:43:57
"20.353896 N, 85.825257 E",9:28:5
"20.347203 N, 85.825936 E",10:23:28
"20.351855 N, 85.818482 E",21:17:23
"20.347191 N, 85.807831 E",7:29:13
"20.352963 N, 85.813060 E",8:15:0
"20.362060 N, 85.822910 E",18:48:42
"20.361535 N, 85.824591 E",19:34:3
"20.348812 N, 85.824933 E",19:28:22
"20.364590 N, 85.808931 E",6:44:32
"20.357189 N, 85.824072 E",17:2:40
"20.357240 N, 85.816939 E",20:40:56
"20.358519 N, 85.825847 E",13:55:34
"20.362860 N, 85.811016 E",22:2:56
"20.350204 N, 85.814415 E",3:40:11
"20.360504 N, 85.814716 E",12:37:29
"20.364615 N, 85.817996 E",18:49:37
"20.353335 N, 85.816945 E",0:58:25
"20.347760 N, 85.816917 E",3:56:21
"20.363351 N, 85.807095 E",5:7:20
"20.361528 N, 85.809910 E",22:42:26
"20.360069 N, 85.815288 E",22:53:13
"20.356197 N, 85.815734 E",15:35:30
"20.345659 N, 85.823881 E",10:30:25
"20.365227 N, 85.823757 E",8:39:49
"20.355144 N, 85.818016 E",21:6:19
"20.351429 N, 85.812723 E",17:8:21
"20.352435 N, 85.810703 E",16:23:41
"20.350476 N, 85.820964 E",17:5:6
"20.349821 N, 85.825518 E",1:5:38
"20.361777 N, 85.808600 E",11:42:31
"20.348690 N, 85.810504 E",19:56:14
"20.357702 N, 85.821983 E",18:59:42
"20.359878 N, 85.807993 E",7:20:25
"20.346217 N, 85.811936 E",14:52:39
"20.363094 N, 85.811463 E",12:46:37
"20.362566 N, 85.807642 E",20:50:13
"20.349828 N, 85.818210 E",8:3:33
"20.351317 N, 85.808942 E",16:19:49
"20.345762 N, 85.821887 E",6:49:16
"20.358072 N, 85.816566 E",0:46:33
"20.361778 N, 85.814803 E",17:6:16
"20.357057 N, 85.818957 E",10:29:28
"20.356636 N, 85.816748 E",12:40:19
"20.357286 N, 85.821714 E",18:32:5
"20.358723 N, 85.813565 E",23:35:43
"20.346206 N, 85.824075 E",21:0:42
"20.352557 N, 85.813809 E",8:57:38
"20.357237 N, 85.816729 E",12:45:11
"20.353016 N, 85.821015 E",1:26:23
"20.355877 N, 85.815467 E",23:16:58
"20.346648 N, 85.810472 E",12:56:52
"20.362755 N, 85.807718 E",23:0:45
"20.365012 N, 85.821869 E",9:22:31
"20.345535 N, 85.814775 E",1:35:59
"20.345550 N, 85.811456 E",18:18:48
"20.360624 N, 85.817380 E",18:1:27
"20.348072 N, 85.821642 E",8:44:40
"20.345545 N, 85.819655 E",23:14:41
"20.365231 N, 85.813156 E",17:38:52
"20.348802 N, 85.817408 E",9:30:1
"20.347873 N, 85.822568 E",3:37:38
"20.346637 N, 85.813888 E",7:56:0
"20.362890 N, 85.820418 E",10:29:46
"20.364455 N, 85.822725 E",8:44:15
"20.352928 N, 85.810480 E",0:57:40
"20.355179 N, 85.821073 E",6:12:3
"20.346433 N, 85.809321 E",16:47:24
"20.353322 N, 85.816468 E",23:11:28
"20.355336 N, 85.807976 E",1:19:50
"20.347015 N, 85.818406 E",18:26:25
"20.351189 N, 85.807871 E",5:16:18
"20.355695 N, 85.816446 E",12:35:31
"20.354162 N, 85.824243 E",13:27:20
"20.350551 N, 85.816498 E",17:46:37
"20.359200 N, 85.823019 E",13:15:59
"20.362611 N, 85.816825 E",10:0:42
"20.346180 N, 85.806796 E",21:31:1
"20.359656 N, 85.808598 E",18:8:51
"20.356810 N, 85.820043 E",10:54:38
"20.348737 N, 85.826049 E",7:18:27
"20.363140 N, 85.813965 E",23:0:22
"20.347756 N, 85.812352 E",21:49:6
"20.362406 N, 85.813576 E",4:50:59
"20.348874 N, 85.814414 E",8:8:13
"20.352070 N, 85.820983 E",20:47:47
"20.352649 N, 85.816158 E",22:26:14
"20.347596 N, 85.810432 E",7:10:19
"20.347676 N, 85.810972 E",4:47:35
"20.358649 N, 85.824472 E",7:27:1
"20.362173 N, 85.820269 E",9:56:41
"20.356726 N, 85.808028 E",13:43:5
"20.359464 N, 85.815361 E",22:23:54
"20.363385 N, 85.824829 E",10:44:3
"20.346510 N, 85.819956 E",7:46:10
"20.364754 N, 85.811788 E",2:24:5
"20.352339 N, 85.814284 E",17:28:35
"20.361213 N, 85.816312 E",3:28:59
"20.354818 N, 85.824505 E",14:48:43
"20.353909 N, 85.806287 E",12:11:26
"20.348046 N, 85.817004 E",0:38:28
"20.363801 N, 85.806156 E",18:54:6
"20.353174 N, 85.806390 E",19:49:8
"20.360540 N, 85.819159 E",13:50:36
"20.361925 N, 85.817466 E",17:44:13
"20.345925 N, 85.813120 E",8:44:42
"20.351273 N, 85.812049 E",5:17:9
"20.361649 N, 85.815344 E",4:11:43
"20.357949 N, 85.823215 E",10:54:36
"20.359817 N, 85.825034 E",8:22:34
"20.358001 N, 85.820255 E",22:36:45
"20.361892 N, 85.824622 E",6:19:6
"20.346591 N, 85.818849 E",23:10:40
"20.353145 N, 85.806786 E",19:8:17
"20.361482 N, 85.825333 E",10:31:24
"20.352633 N, 85.823077 E",0:3:11
"20.353725 N, 85.812681 E",1:58:0
"20.358871 N, 85.812187 E",5:25:21
"20.362230 N, 85.808335 E",9:29:43
"20.355396 N, 85.809764 E",2:42:38
"20.355993 N, 85.817219 E",21:56:11
"20.346392 N, 85.806437 E",19:14:47
"20.345811 N, 85.825490 E",10:8:53
"20.359367 N, 85.807326 E",16:16:38
"20.351219 N, 85.807591 E",20:20:57
"20.354295 N, 85.820597 E",19:33:52
"20.358904 N, 85.825227 E",15:16:25
"20.356824 N, 85.813802 E",13:36:12
"20.356350 N, 85.814715 E",4:0:49
"20.349206 N, 85.810379 E",10:46:41
"20.352733 N, 85.818383 E",5:21:37
"20.361203 N, 85.819001 E",20:52:16
"20.345565 N, 85.808397 E",16:46:6
"20.349432 N, 85.811500 E",14:11:52
"20.363345 N, 85.818945 E",11:15:40
"20.349725 N, 85.820878 E",22:43:19
"20.364254 N, 85.820609 E",10:52:18
"20.360340 N, 85.825041 E",18:7:1
"20.358613 N, 85.810321 E",7:14:45
"20.345555 N, 85.817371 E",13:26:33
"20.348501 N, 85.810896 E",7:55:40
"20.357174 N, 85.824308 E",14:4:14
"20.347991 N, 85.814043 E",14:28:2
"20.359204 N, 85.809819 E",9:53:8
"20.349970 N, 85.813068 E",9:53:25
"20.347454 N, 85.817727 E",19:49:43
"20.364858 N, 85.813098 E",14:12:34
"20.362972 N, 85.824875 E",17:59:35
"20.359269 N, 85.810973 E",2:58:1
"20.357342 N, 85.824851 E",11:27:38
"20.355256 N, 85.825058 E",15:39:9
"20.346652 N, 85.812491 E",10:18:42
"20.349493 N, 85.820286 E",1:14:57
"20.356190 N, 85.821947 E",1:44:43
"20.348401 N, 85.822641 E",18:23:43
"20.352000 N, 85.806835 E",14:52:24
"20.361024 N, 85.811887 E",14:56:25
"20.360711 N, 85.813742 E",21:8:55
"20.356916 N, 85.809580 E",18:51:6
"20.359120 N, 85.820575 E",4:27:48
"20.359930 N, 85.824545 E",21:23:39
"20.348047 N, 85.809182 E",13:26:0
"20.354928 N, 85.815819 E",7:13:3
"20.355120 N, 85.812294 E",0:36:36
"20.359292 N, 85.808887 E",17:47:25
"20.364614 N, 85.809278 E",5:36:34
"20.351617 N, 85.817721 E",14:30:51
"20.365016 N, 85.823491 E",4:56:12
"20.350386 N, 85.812481 E",17:30:11
"20.362821 N, 85.814760 E",1:15:47
"20.358757 N, 85.806785 E",14:14:38
"20.346711 N, 85.821292 E",7:33:14
"20.345865 N, 85.812687 E",13:45:33
"20.361780 N, 85.810680 E",23:33:29
"20.360784 N, 85.815504 E",6:47:22
"20.355004 N, 85.815990 E",14:50:20
"20.353369 N, 85.816176 E",19:58:0
"20.349442 N, 85.811496 E",8:5:29
"20.347839 N, 85.816204 E",4:54:1
"20.349828 N, 85.807935 E",0:32:4
"20.349785 N, 85.820089 E",22:19:20
"20.357916 N, 85.815707 E",17:34:8
"20.349798 N, 85.825691 E",22:40:4
"20.359073 N, 85.823939 E",8:12:45
"20.348876 N, 85.809131 E",7:20:51
"20.352625 N, 85.809887 E",18:28:53
"20.350770 N, 85.818932 E",3:13:43
"20.351586 N, 85.822828 E",15:40:54
"20.347485 N, 85.819644 E",19:20:21
"20.350744 N, 85.816943 E",14:12:14
"20.352444 N, 85.820169 E",3:11:37
"20.358811 N, 85.825915 E",6:24:42
"20.356422 N, 85.815993 E",16:15:25
"20.353103 N, 85.818890 E",8:5:7
"20.355076 N, 85.821374 E",20:27:56
"20.347372 N, 85.816901 E",8:56:6
"20.361998 N, 85.806808 E",22:47:48
"20.357573 N, 85.812990 E",20:53:32
"20.358176 N, 85.816189 E",16:26:21
"20.346902 N, 85.818333 E",3:28:23
"20.349782 N, 85.823126 E",16:18:12
"20.351037 N, 85.824107 E",8:57:29
"20.346401 N, 85.808079 E",1:0:54
"20.352141 N, 85.815962 E",10:15:25
"20.354042 N, 85.819696 E",11:45:5
"20.355005 N, 85.821721 E",12:18:11
"20.363022 N, 85.824590 E",8:3:8
"20.358936 N, 85.819487 E",6:8:55
"20.359513 N, 85.823762 E",14:13:33
"20.361283 N, 85.825737 E",14:4:34
"20.349947 N, 85.822937 E",6:53:45
"20.356213 N, 85.817979 E",8:54:28
"20.345895 N, 85.818216 E",3:58:0
"20.353920 N, 85.820487 E",22:35:33
"20.364306 N, 85.824366 E",16:8:49
"20.360555 N, 85.824746 E",14:55:27
"20.363960 N, 85.811662 E",11:24:6
"20.360522 N, 85.825382 E",12:47:14
"20.352121 N, 85.811676 E",16:27:51
"20.348878 N, 85.819359 E",19:16:33
"20.365493 N, 85.810114 E",9:38:42
"20.345971 N, 85.820209 E",6:16:26
"20.362554 N, 85.822541 E",1:43:55
"20.360075 N, 85.811310 E",13:3:33
"20.360145 N, 85.822290 E",20:10:13
"20.346619 N, 85.823028 E",22:29:8
"20.365195 N, 85.822564 E",22:20:4
"20.349279 N, 85.806309 E",5:41:40
"20.356362 N, 85.824693 E",5:44:51
"20.360242 N, 85.815522 E",11:8:33
"20.351155 N, 85.818307 E",6:18:52
"20.364140 N, 85.810362 E",8:56:32
"20.359011 N, 85.817834 E",20:45:29
"20.357536 N, 85.807683 E",15:56:11
"20.362201 N, 85.810642 E",7:14:17
"20.362500 N, 85.814857 E",20:41:26
"20.355471 N, 85.823027 E",20:12:3
"20.352073 N, 85.824484 E",9:48:26
"20.353963 N, 85.808078 E",6:26:16
"20.360586 N, 85.822736 E",16:59:57
"20.363471 N, 85.814971 E",13:46:17
"20.357412 N, 85.811597 E",14:14:16
"20.349518 N, 85.817769 E",12:28:23
"20.350347 N, 85.817428 E",22:32:3
"20.352114 N, 85.813703 E",13:8:13
"20.360576 N, 85.824381 E",11:3:44
"20.347261 N, 85.822293 E",15:56:25
"20.360257 N, 85.826027 E",22:40:20
"20.356911 N, 85.816658 E",19:3:5
"20.350333 N, 85.817588 E",3:30:38
"20.345606 N, 85.825887 E",3:59:19
"20.352623 N, 85.825390 E",0:26:30
"20.357080 N, 85.825018 E",6:59:23
"20.358533 N, 85.817259 E",19:0:26
"20.351654 N, 85.825883 E",2:39:25
"20.360224 N, 85.816024 E",14:55:50
"20.364063 N, 85.810118 E",3:53:56
"20.364991 N, 85.815786 E",22:55:57
"20.357966 N, 85.818478 E",9:39:33
"20.360094 N, 85.821867 E",22:19:40
"20.353488 N, 85.816509 E",6:28:17
"20.350082 N, 85.819812 E",4:9:30
"20.355120 N, 85.807297 E",8:18:4
"20.358501 N, 85.824344 E",13:7:29
"20.349130 N, 85.807813 E",21:58:2
"20.350295 N, 85.816543 E",3:31:59
"20.347514 N, 85.811819 E",19:8:57
"20.350928 N, 85.815582 E",19:34:45
"20.357365 N, 85.813537 E",3:57:44
"20.364537 N, 85.825564 E",7:40:26
"20.347032 N, 85.825209 E",15:50:1
"20.358241 N, 85.816127 E",12:26:13
"20.350830 N, 85.811043 E",7:45:46
"20.359752 N, 85.807509 E",9:13:4
"20.355180 N, 85.815549 E",0:53:14
"20.364888 N, 85.806767 E",23:26:52
"20.354886 N, 85.817146 E",15:46:52
"20.346613 N, 85.807800 E",3:58:8
"20.357631 N, 85.820228 E",16:7:30
"20.346802 N, 85.811401 E",0:57:51
"20.345903 N, 85.812422 E",15:58:59
"20.354062 N, 85.823881 E",3:36:9
"20.354220 N, 85.824596 E",0:25:39
"20.358011 N, 85.819109 E",4:42:39
"20.345580 N, 85.812536 E",7:41:55
"20.360173 N, 85.824924 E",3:11:14
"20.364303 N, 85.818867 E",7:0:54
"20.346180 N, 85.813053 E",16:12:32
"20.351254 N, 85.814974 E",21:17:37
"20.353011 N, 85.806616 E",0:44:51
"20.365010 N, 85.823907 E",12:35:7
"20.359045 N, 85.821702 E",5:38:30
"20.360074 N, 85.816435 E",4:22:20
"20.350628 N, 85.816316 E",0:24:38
"20.348343 N, 85.820899 E",8:1:48
"20.346121 N, 85.825371 E",19:50:54
"20.351682 N, 85.824972 E",18:8:42
"20.349533 N, 85.823958 E",18:31:54
"20.354550 N, 85.820391 E",12:33:9
"20.365415 N, 85.819647 E",21:1:43
"20.359238 N, 85.819119 E",21:52:22
"20.365292 N, 85.820247 E",9:43:7
"20.362254 N, 85.811871 E",3:55:48
"20.352810 N, 85.810074 E",5:12:34
"20.356696 N, 85.809661 E",13:52:41
"20.347089 N, 85.811868 E",19:25:15
"20.345717 N, 85.821521 E",12:37:17
"20.359843 N, 85.811809 E",21:47:32
"20.358306 N, 85.821882 E",16:32:24
"20.348103 N, 85.816482 E",17:43:43
"20.357873 N, 85.821590 E",17:10:22
"20.354303 N, 85.825230 E",2:35:29
"20.364254 N, 85.812044 E",8:11:44
"20.363745 N, 85.820946 E",17:22:43
"20.346245 N, 85.826039 E",9:16:3
"20.359959 N, 85.822705 E",6:50:11
"20.351485 N, 85.806155 E",10:36:29
"20.363731 N, 85.806611 E",0:20:59
"20.355834 N, 85.815024 E",15:33:1
"20.351094 N, 85.806261 E",2:54:26
"20.348344 N, 85.810401 E",19:47:42
"20.358967 N, 85.814936 E",2:40:55
"20.358137 N, 85.814924 E",1:50:9
"20.346865 N, 85.813501 E",22:47:57
"20.351972 N, 85.816805 E",12:59:34
"20.358059 N, 85.810998 E",0:43:22
"20.356693 N, 85.814471 E",3:16:59
"20.361848 N, 85.821914 E",23:47:20
"20.349325 N, 85.812728 E",15:37:43
"20.350993 N, 85.822716 E",18:43:20
"20.354813 N, 85.806646 E",23:54:40
"20.351636 N, 85.818225 E",19:22:22
"20.363178 N, 85.819422 E",3:33:5
"20.360346 N, 85.821458 E",4:19:53
"20.357744 N, 85.810378 E",1:16:56
"20.347005 N, 85.812876 E",23:43:46
"20.355613 N, 85.814363 E",5:13:57
"20.345560 N, 85.814449 E",22:32:55
"20.351521 N, 85.808098 E",14:53:26
"20.362002 N, 85.821606 E",2:32:46
"20.356601 N, 85.814343 E",1:21:36
"20.348915 N, 85.807087 E",16:4:59
"20.359644 N, 85.809844 E",5:10:17
"20.345683 N, 85.818869 E",17:23:30
"20.356140 N, 85.820827 E",5:42:36
"20.356874 N, 85.814551 E",16:10:47
"20.349460 N, 85.807131 E",0:36:44
"20.356020 N, 85.815359 E",8:43:56
"20.357111 N, 85.818599 E",12:46:25
"20.350122 N, 85.807154 E",14:56:59
"20.365387 N, 85.821549 E",9:3:23
"20.352144 N, 85.825581 E",12:44:2
"20.355867 N, 85.824391 E",2:49:17
"20.353243 N, 85.808045 E",0:24:10
"20.348067 N, 85.822268 E",9:5:34
"20.362992 N, 85.810467 E",0:22:15
"20.362574 N, 85.809890 E",18:45:54
"20.363251 N, 85.819844 E",20:32:35
"20.345996 N, 85.814045 E",5:18:55
"20.350518 N, 85.809954 E",23:51:11
"20.362694 N, 85.825115 E",22:22:4
"20.349764 N, 85.814584 E",23:5:16
"20.347910 N, 85.808181 E",2:22:4
"20.358113 N, 85.806707 E",18:42:17
"20.358722 N, 85.824006 E",0:12:3
"20.359139 N, 85.812329 E",14:15:29
"20.360787 N, 85.812884 E",7:4:38
"20.363053 N, 85.812010 E",15:31:59
"20.361190 N, 85.814499 E",6:42:58
"20.363097 N, 85.818437 E",17:56:42
"20.360483 N, 85.819823 E",23:10:6
"20.357264 N, 85.813314 E",19:14:24
"20.354570 N, 85.825835 E",14:19:9
"20.353241 N, 85.822649 E",2:5:18
"20.347959 N, 85.825973 E",18:4:32
"20.347831 N, 85.817512 E",6:34:42
"20.347108 N, 85.818280 E",15:14:47
"20.347669 N, 85.822114 E",2:59:35
"20.347598 N, 85.817033 E",15:50:6
"20.363683 N, 85.813005 E",3:24:54
"20.354971 N, 85.810506 E",22:14:57
"20.347841 N, 85.808881 E",2:1:51
"20.357442 N, 85.806505 E",16:27:41
"20.361354 N, 85.819176 E",12:2:19
"20.362505 N, 85.822208 E",19:29:40
"20.345808 N, 85.817205 E",14:13:57
"20.356277 N, 85.811744 E",9:47:17
"20.352455 N, 85.824812 E",1:37:6
"20.349050 N, 85.808651 E",22:45:47
"20.355888 N, 85.821506 E",4:58:52
"20.359651 N, 85.813946 E",15:17:14
"20.358911 N, 85.820345 E",13:36:39
"20.349365 N, 85.810659 E",22:47:4
"20.349525 N, 85.814372 E",16:3:3
"20.360406 N, 85.814913 E",19:37:10
"20.348026 N, 85.809561 E",3:35:5
"20.352311 N, 85.806419 E",12:46:55
"20.351778 N, 85.818229 E",13:23:33
"20.355628 N, 85.824442 E",7:5:55
"20.355825 N, 85.816504 E",10:14:25
"20.350066 N, 85.819751 E",11:0:41
"20.360390 N, 85.816303 E",9:1:54
"20.347501 N, 85.806690 E",11:37:16
"20.353569 N, 85.819399 E",22:45:1
"20.360746 N, 85.806395 E",13:18:1
"20.361749 N, 85.808270 E",5:0:33
"20.356517 N, 85.808990 E",13:47:9
"20.360920 N, 85.824783 E",12:39:34
"20.346668 N, 85.815509 E",4:6:4
"20.351284 N, 85.814550 E",20:26:0
"20.351507 N, 85.813123 E",8:26:53
"20.361924 N, 85.822670 E",1:58:24
"20.365038 N, 85.808810 E",3:7:12
"20.350818 N, 85.818107 E",3:28:40
"20.354830 N, 85.824761 E",16:12:36
"20.352594 N, 85.825019 E",8:1:14
"20.354488 N, 85.821193 E",14:51:31
"20.353114 N, 85.814040 E",4:5:57
"20.359073 N, 85.807331 E",6:21:44
"20.348759 N, 85.806664 E",12:26:13
"20.355052 N, 85.812132 E",17:17:41
"20.352370 N, 85.810684 E",23:33:49
"20.353512 N, 85.806401 E",22:33:7
"20.348136 N, 85.816888 E",11:23:20
"20.362068 N, 85.816039 E",23:36:28
"20.362024 N, 85.815753 E",16:28:41
"20.356901 N, 85.815524 E",7:11:13
"20.361280 N, 85.819346 E",12:27:4
"20.348186 N, 85.810588 E",4:44:38
"20.352356 N, 85.819002 E",3:37:47
"20.358381 N, 85.817092 E",8:24:51
"20.350460 N, 85.806326 E",10:24:59
"20.346871 N, 85.816057 E",22:54:49
"20.349129 N, 85.814089 E",17:52:18
"20.364328 N, 85.818726 E",3:58:35
"20.359740 N, 85.807053 E",13:6:18
"20.351409 N, 85.816393 E",20:17:29
"20.362627 N, 85.811664 E",11:51:20
"20.352763 N, 85.823359 E",16:18:57
"20.356528 N, 85.809773 E",12:25:7
"20.363040 N, 85.817420 E",3:43:38
"20.349489 N, 85.808875 E",4:11:50
"20.357354 N, 85.806275 E",13:50:11
"20.348347 N, 85.813503 E",7:16:40
"20.356225 N, 85.807328 E",12:31:9
"20.358091 N, 85.814356 E",7:53:16
"20.348877 N, 85.819290 E",23:59:31
"20.345568 N, 85.817059 E",19:15:35
"20.347680 N, 85.817425 E",18:46:32
"20.346430 N, 85.816555 E",1:55:53
"20.364316 N, 85.809018 E",16:55:47
"20.358247 N, 85.825380 E",13:3:22
"20.360178 N, 85.810609 E",12:7:46
"20.359818 N, 85.818945 E",23:55:33
"20.364577 N, 85.806666 E",11:44:57
"20.354316 N, 85.815547 E",8:31:46
"20.361496 N, 85.818675 E",11:1:43
"20.356146 N, 85.824278 E",19:54:24
"20.359267 N, 85.812162 E",7:1:20
"20.360923 N, 85.822302 E",16:46:43
"20.347931 N, 85.807587 E",22:53:42
"20.359093 N, 85.822060 E",1:12:46
"20.359597 N, 85.817206 E",4:52:22
"20.350323 N, 85.806589 E",14:50:38
"20.349280 N, 85.825010 E",12:12:55
"20.349738 N, 85.818939 E",13:58:37
"20.355579 N, 85.821849 E",10:30:53
"20.349508 N, 85.817129 E",15:53:16
"20.362361 N, 85.824134 E",5:58:9
"20.362934 N, 85.824533 E",7:41:58
"20.345640 N, 85.823657 E",8:39:13
"20.353244 N, 85.807466 E",10:16:48
"20.356232 N, 85.824097 E",21:29:27
"20.354945 N, 85.809835 E",4:26:31
"20.364445 N, 85.825960 E",8:0:30
"20.350046 N, 85.810329 E",15:1:12
"20.347260 N, 85.824077 E",20:43:31
"20.353542 N, 85.822287 E",11:22:5
"20.350525 N, 85.810391 E",8:55:15
"20.363603 N, 85.814433 E",16:38:15
"20.360446 N, 85.813335 E",3:43:24
"20.347059 N, 85.812634 E",5:20:49
"20.351729 N, 85.815529 E",20:39:32
"20.347589 N, 85.812565 E",7:46:2
"20.358654 N, 85.823073 E",15:41:22
"20.353249 N, 85.815850 E",7:42:54
"20.355751 N, 85.806718 E",12:58:4
"20.354710 N, 85.809498 E",10:5:27
"20.345690 N, 85.817483 E",20:4:0
"20.350115 N, 85.808442 E",20:57:10
"20.348171 N, 85.813579 E",3:29:47
"20.361268 N, 85.821796 E",15:34:7
"20.361430 N, 85.809242 E",23:52:4
"20.354020 N, 85.806576 E",1:54:29
"20.363084 N, 85.818278 E",19:32:58
"20.352842 N, 85.810970 E",8:4:34
"20.352639 N, 85.819130 E",13:41:5
"20.357391 N, 85.807903 E",5:40:35
"20.346957 N, 85.810113 E",18:33:58
"20.349470 N, 85.812998 E",8:36:2
"20.363431 N, 85.808611 E",19:20:58
"20.350137 N, 85.807453 E",12:5:31
"20.364177 N, 85.824169 E",0:52:33
"20.347133 N, 85.821987 E",14:43:12
"20.364563 N, 85.821649 E",11:32:8
"20.352524 N, 85.821673 E",5:58:54
"20.356230 N, 85.809181 E",15:26:13
"20.355085 N, 85.814431 E",6:53:22
"20.359740 N, 85.814750 E",5:42:48
"20.356809 N, 85.825828 E",11:31:9
"20.362265 N, 85.821711 E",8:57:47
"20.362928 N, 85.810319 E",22:4:22
"20.364134 N, 85.823005 E",14:49:3
"20.364294 N, 85.819188 E",7:42:59
"20.362098 N, 85.815921 E",5:24:59
"20.355348 N, 85.823693 E",0:27:3
"20.359091 N, 85.822386 E",13:50:59
"20.355674 N, 85.809323 E",1:9:49
"20.361222 N, 85.817727 E",11:39:51
"20.360672 N, 85.817272 E",4:48:39
"20.355625 N, 85.821354 E",2:48:37
"20.357770 N, 85.810728 E",11:24:13
"20.356625 N, 85.821627 E",22:33:22
"20.350688 N, 85.807010 E",0:57:25
"20.358995 N, 85.809051 E",8:26:20
"20.351924 N, 85.817169 E",16:3:12
"20.362648 N, 85.819361 E",19:47:57
"20.346424 N, 85.823759 E",20:8:51
"20.352047 N, 85.809798 E",16:20:43
"20.360269 N, 85.819877 E",16:50:8
"20.362609 N, 85.811162 E",20:36:33
"20.364996 N, 85.808776 E",14:54:0
"20.357452 N, 85.822519 E",2:0:24
"20.347711 N, 85.809103 E",7:17:0
"20.356263 N, 85.823008 E",4:19:16
"20.360288 N, 85.818504 E",2:21:10
"20.348379 N, 85.825962 E",9:21:22
"20.353826 N, 85.809491 E",16:54:46
"20.363823 N, 85.808969 E",10:29:32
"20.350516 N, 85.814053 E",1:47:38
"20.356864 N, 85.814208 E",7:42:21
"20.363947 N, 85.824466 E",10:10:29
"20.359205 N, 85.812932 E",3:5:7
"20.358218 N, 85.814863 E",19:13:23
"20.352502 N, 85.816205 E",19:54:5
"20.349727 N, 85.820256 E",21:54:48
"20.358141 N, 85.820335 E",20:54:52
"20.358987 N, 85.817199 E",0:38:27
"20.349888 N, 85.806728 E",17:58:31
"20.347192 N, 85.821709 E",4:24:2
"20.365233 N, 85.807636 E",10:16:32
"20.355811 N, 85.810269 E",17:8:51
"20.351062 N, 85.822727 E",17:1:7
"20.346650 N, 85.813338 E",17:28:52
"20.359626 N, 85.824093 E",0:26:22
"20.345947 N, 85.807275 E",10:35:30
"20.356039 N, 85.812852 E",16:47:2
"20.349165 N, 85.822006 E",13:3:40
"20.354971 N, 85.823431 E",15:6:59
"20.351141 N, 85.814845 E",19:19:15
"20.347201 N, 85.824733 E",17:18:23
"20.345515 N, 85.817392 E",11:1:46
"20.355202 N, 85.806755 E",5:14:59
"20.348718 N, 85.824410 E",14:52:2
"20.354095 N, 85.823677 E",3:2:55
"20.351918 N, 85.817620 E",6:59:0
"20.364666 N, 85.824810 E",20:19:30
"20.361867 N, 85.815302 E",14:20:28
"20.358308 N, 85.816733 E",13:0:40
"20.360801 N, 85.812995 E",7:28:21
"20.349793 N, 85.824618 E",19:58:27
"20.365240 N, 85.821224 E",20:58:56
"20.358582 N, 85.812227 E",5:29:56
"20.348810 N, 85.815718 E",9:57:33
"20.352449 N, 85.817765 E",7:24:57
"20.362126 N, 85.823032 E",8:58:30
"20.358525 N, 85.823244 E",22:35:11
"20.363689 N, 85.822572 E",8:50:55
"20.346168 N, 85.814883 E",12:51:28
"20.360026 N, 85.808570 E",1:43:49
"20.351842 N, 85.815166 E",15:36:23
"20.360001 N, 85.807655 E",19:54:52
"20.347781 N, 85.807162 E",3:30:22
"20.346241 N, 85.812423 E",2:1:10
"20.350946 N, 85.809790 E",17:26:56
"20.359080 N, 85.811688 E",14:45:16
"20.357112 N, 85.822898 E",2:45:24
"20.361013 N, 85.812751 E",12:37:26
"20.358391 N, 85.819740 E",17:54:11
"20.355979 N, 85.818403 E",13:11:2
"20.356353 N, 85.818290 E",1:54:38
"20.355425 N, 85.823969 E",13:51:19
"20.358555 N, 85.810462 E",18:56:56
"20.352438 N, 85.825642 E",20:41:31
"20.353317 N, 85.824385 E",20:5:13
"20.352451 N, 85.819472 E",17:28:28
"20.354517 N, 85.814899 E",15:48:15
"20.356100 N, 85.806805 E",8:28:0
"20.351725 N, 85.813147 E",11:50:3
"20.364914 N, 85.821946 E",18:59:45
"20.357430 N, 85.807118 E",21:53:10
"20.360067 N, 85.820606 E",18:58:51
"20.351702 N, 85.814750 E",16:2:10
"20.347593 N, 85.811948 E",20:18:46
"20.361462 N, 85.822413 E",3:47:6
"20.363288 N, 85.814993 E",4:55:34
"20.362579 N, 85.808972 E",3:7:53
"20.349032 N, 85.820521 E",19:2:8
"20.348544 N, 85.819869 E",23:19:57
"20.364270 N, 85.806567 E",20:16:49
"20.365178 N, 85.817538 E",18:13:6
"20.363518 N, 85.814403 E",2:18:15
"20.345616 N, 85.806642 E",20:49:46
"20.360810 N, 85.825277 E",7:33:19
"20.364794 N, 85.811297 E",22:11:57
"20.353723 N, 85.824396 E",2:34:4
"20.348822 N, 85.821509 E",6:53:18
"20.364377 N, 85.823027 E",12:2:26
"20.353392 N, 85.816404 E",6:30:38
"20.357149 N, 85.815528 E",13:17:57
"20.354136 N, 85.807209 E",16:13:8
"20.349583 N, 85.813098 E",9:25:13
"20.362950 N, 85.822186 E",1:55:57
"20.351648 N, 85.823024 E",14:34:3
"20.354573 N, 85.822460 E",4:23:18
"20.356382 N, 85.812623 E",18:45:32
"20.362135 N, 85.813613 E",16:54:40
"20.355828 N, 85.808727 E",6:8:32
"20.350795 N, 85.809232 E",0:26:24
"20.360925 N, 85.825604 E",2:57:7
"20.363819 N, 85.810860 E",14:6:56
"20.346017 N, 85.817115 E",15:18:35
"20.360655 N, 85.813000 E",17:59:24
"20.349318 N, 85.816304 E",12:58:6
"20.360857 N, 85.818535 E",0:32:49
"20.364053 N, 85.825793 E",10:6:14
"20.364971 N, 85.815844 E",8:27:29
"20.364802 N, 85.819874 E",9:9:0
"20.360418 N, 85.817856 E",8:47:5
"20.348527 N, 85.819520 E",9:13:16
"20.345998 N, 85.813997 E",1:8:57
"20.353049 N, 85.813294 E",4:6:50
"20.363706 N, 85.806204 E",15:11:28
"20.360307 N, 85.817473 E",12:4:20
"20.362537 N, 85.816900 E",17:35:6
"20.356534 N, 85.818879 E",19:43:51
"20.362608 N, 85.808508 E",23:13:20
"20.361998 N, 85.822788 E",8:36:8
"20.360443 N, 85.816393 E",20:45:35
"20.348822 N, 85.811413 E",13:4:4
"20.359793 N, 85.810369 E",20:21:27
"20.358324 N, 85.807347 E",6:25:44
"20.362100 N, 85.810939 E",17:32:56
"20.362898 N, 85.812629 E",15:57:25
"20.362362 N, 85.808212 E",9:23:10
"20.362153 N, 85.818421 E",2:22:6
"20.348156 N, 85.806620 E",21:10:27
"20.346750 N, 85.809561 E",10:53:3
"20.352490 N, 85.816935 E",3:9:49
"20.351545 N, 85.825946 E",18:42:4
"20.365243 N, 85.817582 E",10:47:33
"20.361024 N, 85.806652 E",21:43:29
"20.362364 N, 85.821565 E",16:53:17
"20.350595 N, 85.807066 E",18:40:41
"20.357943 N, 85.823890 E",10:6:53
"20.346709 N, 85.826036 E",14:8:48
"20.363779 N, 85.823172 E",14:18:15
"20.357427 N, 85.811397 E",10:10:17
"20.350026 N, 85.815519 E",1:19:33
"20.353394 N, 85.818686 E",11:13:22
"20.356546 N, 85.822908 E",3:31:53
"20.351723 N, 85.809614 E",9:53:9
"20.355905 N, 85.819455 E",8:54:45
"20.347113 N, 85.808726 E",11:21:41
"20.348271 N, 85.821844 E",14:41:47
"20.353169 N, 85.822165 E",17:45:18
"20.348791 N, 85.807274 E",4:37:56
"20.358728 N, 85.814378 E",0:30:8
"20.357992 N, 85.815866 E",12:55:46
"20.355908 N, 85.817438 E",5:27:36
"20.347194 N, 85.817260 E",2:59:19
"20.345936 N, 85.822016 E",4:52:16
"20.359553 N, 85.819823 E",9:41:58
"20.347571 N, 85.819816 E",19:59:58
"20.361438 N, 85.808469 E",18:26:10
"20.357422 N, 85.808320 E",6:24:19
"20.347531 N, 85.816200 E",13:16:35
"20.364783 N, 85.812185 E",23:34:50
"20.349977 N, 85.810992 E",5:54:20
"20.357768 N, 85.818493 E",7:26:34
"20.354385 N, 85.825363 E",1:1:55
"20.363326 N, 85.814291 E",17:35:16
"20.350857 N, 85.824239 E",8:26:1
"20.362244 N, 85.815867 E",20:40:16
"20.350335 N, 85.818542 E",16:2:28
"20.356971 N, 85.807894 E",15:33:59
"20.360405 N, 85.819959 E",12:0:53
"20.359247 N, 85.822697 E",4:2:37
"20.358402 N, 85.825501 E",21:14:38
"20.356384 N, 85.823377 E",7:41:31
"20.357699 N, 85.812868 E",17:33:42
"20.345613 N, 85.810129 E",7:56:29
"20.360019 N, 85.806971 E",0:22:4
"20.350839 N, 85.819171 E",22:3:25
"20.365123 N, 85.815589 E",3:17:57
"20.363640 N, 85.819500 E",18:54:53
"20.364190 N, 85.807179 E",22:20:5
"20.355367 N, 85.815907 E",11:5:12
"20.359368 N, 85.818271 E",8:45:53
"20.353600 N, 85.813887 E",3:57:31
"20.353953 N, 85.825623 E",0:23:33
"20.358195 N, 85.825425 E",16:17:58
"20.364696 N, 85.809408 E",17:15:15
"20.354180 N, 85.822996 E",22:6:35
"20.364021 N, 85.815289 E",10:20:28
"20.347090 N, 85.825477 E",9:40:17
"20.365265 N, 85.808479 E",17:10:0
"20.353392 N, 85.811678 E",17:34:25
"20.354917 N, 85.816490 E",8:58:29
"20.360744 N, 85.823658 E",1:20:4
"20.357784 N, 85.806776 E",22:12:15
"20.363390 N, 85.806741 E",19:8:49
"20.354335 N, 85.806864 E",4:52:21
"20.346055 N, 85.822039 E",15:22:2
"20.357832 N, 85.814905 E",17:58:16
"20.364484 N, 85.825066 E",10:29:36
"20.355007 N, 85.813919 E",18:27:58
"20.351789 N, 85.825709 E",16:45:53
"20.349762 N, 85.811571 E",2:41:45
"20.347895 N, 85.824478 E",9:46:15
"20.360163 N, 85.806356 E",12:14:0
"20.356730 N, 85.825058 E",23:30:16
"20.345819 N, 85.809927 E",9:52:14
"20.348882 N, 85.810725 E",2:33:53
"20.345825 N, 85.820825 E",18:8:0
"20.351725 N, 85.807055 E",17:54:49
"20.360208 N, 85.808602 E",2:2:4
"20.353248 N, 85.810808 E",19:7:47
"20.361102 N, 85.818885 E",1:50:37
"20.347961 N, 85.816798 E",20:57:52
"20.363230 N, 85.817809 E",16:37:1
"20.346456 N, 85.823318 E",18:15:16
"20.362574 N, 85.817641 E",7:40:9
"20.350936 N, 85.815032 E",4:24:39
"20.361476 N, 85.807222 E",1:29:32
"20.361993 N, 85.819175 E",2:49:30
"20.355186 N, 85.814974 E",4:30:26
"20.356290 N, 85.811942 E",4:53:29
"20.365047 N, 85.820963 E",0:27:6
"20.364697 N, 85.818622 E",10:28:42
"20.353039 N, 85.824858 E",1:7:31
"20.363139 N, 85.826079 E",1:18:28
"20.359855 N, 85.823754 E",12:47:9
"20.359323 N, 85.806203 E",7:46:34
"20.360578 N, 85.814634 E",10:44:12
"20.360788 N, 85.821474 E",0:41:44
"20.355691 N, 85.817272 E",22:34:48
"20.349518 N, 85.817335 E",3:41:42
"20.361005 N, 85.807080 E",19:40:3
"20.346140 N, 85.812000 E",12:31:26
"20.347041 N, 85.814049 E",13:50:22
"20.354795 N, 85.813075 E",1:32:4
"20.346771 N, 85.823860 E",9:53:5
"20.365288 N, 85.811531 E",21:51:24
"20.357116 N, 85.809386 E",14:28:4
"20.356865 N, 85.826099 E",6:9:15
"20.347710 N, 85.818995 E",2:41:38
"20.349323 N, 85.809937 E",12:52:35
"20.348781 N, 85.811449 E",12:17:9
"20.354819 N, 85.816273 E",17:48:14
"20.349253 N, 85.823389 E",1:42:10
"20.349397 N, 85.815677 E",11:14:55
"20.360426 N, 85.825941 E",17:41:50
"20.362091 N, 85.817773 E",21:32:45
"20.359782 N, 85.806423 E",1:31:14
"20.352832 N, 85.821609 E",22:0:48
"20.364908 N, 85.825327 E",6:59:26
"20.358284 N, 85.815261 E",3:6:3
"20.351814 N, 85.817699 E",2:36:26
"20.359915 N, 85.810793 E",22:37:6
"20.350262 N, 85.813862 E",7:8:52
"20.349400 N, 85.820400 E",9:7:52
"20.351912 N, 85.812406 E",20:27:46
"20.346618 N, 85.825557 E",14:25:30
"20.363449 N, 85.806150 E",22:13:2
"20.359200 N, 85.811131 E",1:42:43
"20.357916 N, 85.820890 E",17:56:17
"20.363010 N, 85.820948 E",18:22:11
"20.362577 N, 85.820891 E",14:29:5
"20.353258 N, 85.820604 E",23:41:14
"20.347848 N, 85.809038 E",19:22:4
"20.349128 N, 85.810136 E",18:56:53
"20.364247 N, 85.807960 E",5:15:4
"20.358367 N, 85.822488 E",4:40:43
"20.347016 N, 85.807428 E",1:56:22
"20.359155 N, 85.814005 E",3:32:47
"20.356202 N, 85.818640 E",21:15:41
"20.357981 N, 85.816936 E",10:24:33
"20.364514 N, 85.809886 E",14:53:10
"20.360253 N, 85.808561 E",18:33:11
"20.353976 N, 85.810701 E",10:34:51
"20.359660 N, 85.825834 E",9:1:48
"20.353034 N, 85.811878 E",7:54:10
"20.362696 N, 85.807959 E",12:20:59
"20.351603 N, 85.823948 E",13:52:54
"20.353918 N, 85.813635 E",16:43:22
"20.349233 N, 85.823699 E",10:57:15
"20.351365 N, 85.821741 E",17:50:42
"20.365170 N, 85.809048 E",22:20:15
"20.359387 N, 85.825736 E",22:27:46
"20.356040 N, 85.817140 E",3:39:37
"20.356215 N, 85.819448 E",19:2:48
"20.359336 N, 85.815632 E",10:24:50
"20.347189 N, 85.806981 E",10:16:44
"20.363364 N, 85.812041 E",22:8:46
"20.359045 N, 85.822838 E",10:23:23
"20.357663 N, 85.821273 E",1:2:30
"20.346488 N, 85.824704 E",7:58:56
"20.347127 N, 85.806489 E",22:34:19
"20.357783 N, 85.806627 E",16:38:34
"20.357665 N, 85.819169 E",18:45:8
"20.349847 N, 85.818800 E",9:43:57
"20.347708 N, 85.810082 E",17:56:8
"20.347251 N, 85.821157 E",19:11:55
"20.359055 N, 85.818824 E",12:1:27
"20.360218 N, 85.824640 E",4:14:0
"20.359418 N, 85.821883 E",10:10:48
"20.354706 N, 85.824925 E",14:16:7
"20.365309 N, 85.823330 E",12:8:15
"20.357971 N, 85.810805 E",4:16:6
"20.360762 N, 85.819474 E",12:27:41
"20.363127 N, 85.814441 E",12:2:8
"20.345558 N, 85.824271 E",8:4:8
"20.359315 N, 85.813888 E",12:10:17
"20.351723 N, 85.820049 E",9:36:50
"20.345843 N, 85.810272 E",23:26:36
"20.356115 N, 85.811432 E",2:1:59
"20.350951 N, 85.824592 E",11:31:29
"20.359560 N, 85.825335 E",6:35:32
"20.363649 N, 85.819344 E",16:36:16
"20.360032 N, 85.812059 E",21:27:42
"20.359826 N, 85.807129 E",14:6:35
"20.359614 N, 85.822868 E",14:13:39
"20.363271 N, 85.815193 E",19:24:28
"20.365265 N, 85.822368 E",23:40:30
"20.360266 N, 85.816504 E",17:57:45
"20.363759 N, 85.812997 E",1:36:52
"20.361638 N, 85.810836 E",13:34:43
"20.361018 N, 85.822857 E",2:59:25
"20.352951 N, 85.807850 E",10:48:17
"20.364540 N, 85.820284 E",9:47:24
"20.349494 N, 85.806716 E",20:10:50
"20.351850 N, 85.820461 E",14:33:8
"20.362912 N, 85.817980 E",20:27:29
"20.358472 N, 85.815626 E",19:36:9
"20.348871 N, 85.811317 E",6:16:56
"20.346378 N, 85.825089 E",11:5:3
"20.362384 N, 85.820767 E",10:9:2
"20.349229 N, 85.819171 E",21:29:6
"20.363689 N, 85.817704 E",13:13:13
"20.360102 N, 85.821402 E",19:29:11
"20.346550 N, 85.819000 E",6:13:58
"20.349050 N, 85.824720 E",13:55:25
"20.354182 N, 85.806876 E",15:4:16
"20.354659 N, 85.821160 E",8:18:4
"20.354230 N, 85.817001 E",0:50:5
"20.351338 N, 85.810565 E",5:21:50
"20.348545 N, 85.806696 E",0:2:48
"20.347476 N, 85.825789 E",13:5:45
"20.355554 N, 85.810110 E",3:32:0
"20.359468 N, 85.823531 E",5:18:18
"20.350771 N, 85.817513 E",1:27:45
"20.354292 N, 85.818945 E",6:14:7
"20.357306 N, 85.816049 E",8:9:29
"20.361038 N, 85.813899 E",6:0:44
"20.358258 N, 85.809953 E",21:17:49
"20.355017 N, 85.823275 E",3:11:12
"20.346311 N, 85.825246 E",10:26:27
"20.353373 N, 85.826022 E",18:25:52
"20.360933 N, 85.818226 E",4:30:7
"20.357578 N, 85.823985 E",14:3:32
"20.361366 N, 85.824730 E",16:1:2
"20.352097 N, 85.825330 E",4:44:40
"20.359274 N, 85.811487 E",20:0:55
"20.347444 N, 85.808714 E",16:10:5
"20.349797 N, 85.811132 E",20:15:36
"20.360747 N, 85.821731 E",22:2:28
"20.359233 N, 85.820739 E",2:40:33
"20.358059 N, 85.811031 E",3:44:12
"20.350301 N, 85.814519 E",14:25:29
"20.358301 N, 85.809820 E",4:10:30
"20.357874 N, 85.815794 E",9:51:39
"20.350510 N, 85.823211 E",19:1:55
"20.362243 N, 85.818400 E",16:49:9
"20.360109 N, 85.817484 E",19:1:38
"20.358077 N, 85.807255 E",10:53:41
"20.347122 N, 85.822077 E",19:42:28
"20.348560 N, 85.822440 E",8:5:49
"20.361854 N, 85.814641 E",1:18:53
"20.355093 N, 85.813868 E",13:57:51
"20.354345 N, 85.812137 E",23:42:36
"20.358223 N, 85.811590 E",13:49:19
"20.351671 N, 85.822983 E",5:26:58
"20.346518 N, 85.809996 E",22:10:10
"20.357155 N, 85.811667 E",17:39:15
"20.365266 N, 85.810817 E",23:0:30
"20.352670 N, 85.807933 E",12:7:18
"20.346178 N, 85.808256 E",6:37:20
"20.363134 N, 85.823118 E",23:23:53
"20.350004 N, 85.820896 E",12:39:27
"20.362442 N, 85.814671 E",23:8:36
"20.346250 N, 85.813445 E",23:34:45
"20.345989 N, 85.817287 E",8:37:13
"20.357133 N, 85.821825 E",9:16:36
"20.353773 N, 85.824612 E",1:13:59
"20.364017 N, 85.823649 E",7:16:42
"20.348464 N, 85.818578 E",21:26:26
"20.351707 N, 85.824540 E",11:29:52
"20.360927 N, 85.815867 E",12:35:10
"20.349775 N, 85.811365 E",21:28:35
"20.362562 N, 85.824679 E",10:3:25
"20.345514 N, 85.808055 E",13:11:5
"20.347545 N, 85.808448 E",11:35:37
"20.352972 N, 85.817035 E",4:3:14
"20.354722 N, 85.812581 E",21:0:18
"20.362071 N, 85.816769 E",11:22:37
"20.351328 N, 85.824463 E",15:29:38
"20.361945 N, 85.818586 E",1:21:15
"20.351923 N, 85.818104 E",0:55:39
"20.358135 N, 85.808523 E",20:26:22
"20.360616 N, 85.808860 E",9:11:25
"20.364531 N, 85.818159 E",8:51:59
"20.355462 N, 85.816383 E",16:9:48
"20.363531 N, 85.823490 E",3:13:51
"20.364518 N, 85.824025 E",10:18:34
"20.348860 N, 85.816338 E",14:3:11
"20.361075 N, 85.808485 E",5:51:55
"20.353379 N, 85.822036 E",10:32:0
"20.364285 N, 85.818771 E",19:9:28
"20.351539 N, 85.807903 E",16:1:20
"20.346902 N, 85.818433 E",2:32:5
"20.362853 N, 85.810324 E",6:18:30
"20.358734 N, 85.813566 E",8:43:56
"20.362770 N, 85.818892 E",13:13:12
"20.355538 N, 85.818020 E",5:52:24
"20.364555 N, 85.811491 E",11:36:19
"20.364813 N, 85.809474 E",14:20:8
"20.348004 N, 85.810883 E",12:53:17
"20.361159 N, 85.821276 E",3:27:23
"20.363334 N, 85.813323 E",22:5:2
"20.364523 N, 85.807042 E",14:7:51
"20.351028 N, 85.814948 E",15:57:25
"20.351023 N, 85.816807 E",18:15:7
"20.350919 N, 85.812194 E",13:7:0
"20.348720 N, 85.806738 E",4:18:25
"20.363493 N, 85.811137 E",17:52:23
"20.352735 N, 85.824910 E",19:8:47
"20.351210 N, 85.806927 E",17:4:5
"20.345779 N, 85.818360 E",7:42:11
"20.348365 N, 85.821181 E",14:46:28
"20.353884 N, 85.821004 E",20:0:10
"20.358170 N, 85.809698 E",4:11:37
"20.354021 N, 85.808984 E",10:57:8
"20.351787 N, 85.821427 E",6:9:36
"20.360162 N, 85.813926 E",22:12:48
"20.347539 N, 85.816866 E",8:21:18
"20.354859 N, 85.819215 E",17:37:14
"20.346459 N, 85.807850 E",0:20:53
"20.365064 N, 85.813372 E",7:14:35
"20.354953 N, 85.809745 E",2:49:54
"20.356864 N, 85.806673 E",15:35:54
"20.356960 N, 85.806135 E",11:59:40
"20.353695 N, 85.814175 E",23:1:19
"20.355796 N, 85.819058 E",10:57:22
"20.351718 N, 85.815183 E",16:56:7
"20.363162 N, 85.815757 E",15:14:5
"20.352161 N, 85.814560 E",9:8:9
"20.354028 N, 85.822985 E",6:16:11
"20.347110 N, 85.815820 E",17:8:37
"20.361045 N, 85.816618 E",12:16:7
"20.358283 N, 85.807116 E",18:49:2
"20.359557 N, 85.825239 E",14:4:42
"20.357893 N, 85.818362 E",4:13:25
"20.347442 N, 85.814949 E",17:16:44
"20.364080 N, 85.812032 E",16:30:39
"20.350054 N, 85.824634 E",12:46:17
"20.357057 N, 85.819562 E",12:27:52
"20.347443 N, 85.823485 E",18:40:49
"20.361590 N, 85.818070 E",21:26:57
"20.363063 N, 85.824175 E",9:56:26
"20.346797 N, 85.807370 E",21:4:54
"20.348137 N, 85.817568 E",18:26:29
"20.363325 N, 85.823611 E",5:35:43
"20.352881 N, 85.817021 E",0:50:17
"20.357525 N, 85.821337 E",10:17:30
"20.353028 N, 85.817630 E",23:0:35
"20.350943 N, 85.814944 E",22:48:15
"20.362114 N, 85.815624 E",5:54:56
"20.364358 N, 85.825680 E",19:34:12
"20.360458 N, 85.825254 E",4:24:8
"20.358521 N, 85.809058 E",13:3:50
"20.364830 N, 85.822537 E",5:39:39
"20.363139 N, 85.806792 E",20:16:48
"20.356885 N, 85.813947 E",0:50:13
"20.364966 N, 85.814563 E",6:26:31
"20.350409 N, 85.821318 E",4:22:5
"20.364180 N, 85.820763 E",18:13:42
"20.356868 N, 85.825032 E",13:26:38
"20.359495 N, 85.818187 E",1:26:12
"20.347579 N, 85.810513 E",8:7:24
"20.348857 N, 85.818187 E",3:43:10
"20.349382 N, 85.824980 E",20:23:51
"20.351085 N, 85.821280 E",9:32:6
"20.345887 N, 85.812989 E",21:26:9
"20.364728 N, 85.806416 E",13:9:53
"20.347179 N, 85.815802 E",14:43:35
"20.354973 N, 85.808780 E",0:29:22
"20.347132 N, 85.818781 E",14:22:48
"20.363002 N, 85.818763 E",11:56:59
"20.351554 N, 85.811045 E",6:19:35
"20.359203 N, 85.823523 E",2:28:22
"20.360863 N, 85.820389 E",22:32:26
"20.350485 N, 85.818938 E",3:2:47
"20.355976 N, 85.818004 E",12:37:19
"20.362889 N, 85.816971 E",9:59:1
"20.358051 N, 85.810626 E",2:47:23
"20.353195 N, 85.816587 E",14:50:27
"20.348223 N, 85.807364 E",23:50:14
"20.362777 N, 85.816233 E",20:50:35
"20.363188 N, 85.809209 E",10:7:46
"20.355522 N, 85.817049 E",3:13:50
"20.356449 N, 85.824110 E",3:0:4
"20.353428 N, 85.813363 E",10:17:22
"20.361895 N, 85.820594 E",8:26:27
"20.350345 N, 85.809202 E",2:24:15
"20.356090 N, 85.813836 E",15:38:28
"20.357712 N, 85.823350 E",22:37:29
"20.361342 N, 85.808899 E",10:56:18
"20.347978 N, 85.806165 E",15:57:21
"20.348297 N, 85.820026 E",12:44:53
"20.364842 N, 85.806551 E",0:48:52
"20.355000 N, 85.821361 E",9:33:3
"20.365344 N, 85.820004 E",7:33:45
"20.345704 N, 85.818865 E",17:40:24
"20.362895 N, 85.811671 E",12:15:1
"20.346121 N, 85.806300 E",7:44:45
"20.350656 N, 85.817131 E",2:59:14
"20.353659 N, 85.821360 E",12:43:48
"20.351063 N, 85.825915 E",0:8:59
"20.359494 N, 85.816107 E",20:39:9
"20.353299 N, 85.806822 E",20:1:57
"20.352151 N, 85.822025 E",17:19:54
"20.349850 N, 85.823286 E",14:22:34
"20.364601 N, 85.809299 E",23:51:57
"20.345613 N, 85.824438 E",16:29:29
"20.351152 N, 85.818482 E",11:7:3
"20.364755 N, 85.810224 E",15:58:50
"20.351626 N, 85.807902 E",23:35:4
"20.354555 N, 85.808622 E",0:52:59
"20.357835 N, 85.808842 E",5:10:5
"20.351963 N, 85.808550 E",5:42:24
"20.355191 N, 85.816775 E",0:17:45
"20.361701 N, 85.807137 E",23:55:4
"20.357512 N, 85.807348 E",20:38:26
"20.352665 N, 85.814098 E",10:6:43
"20.355784 N, 85.825622 E",4:5:49
"20.363754 N, 85.810443 E",21:50:33
"20.351256 N, 85.811384 E",8:50:38
"20.363896 N, 85.821038 E",18:40:52
"20.360418 N, 85.823001 E",21:0:45
"20.345717 N, 85.810798 E",1:0:19
"20.355093 N, 85.806539 E",11:47:51
"20.359543 N, 85.821154 E",18:13:46
"20.352442 N, 85.811671 E",19:13:5
"20.362573 N, 85.819534 E",22:4:51
"20.346421 N, 85.817515 E",15:31:36
"20.359862 N, 85.811670 E",23:36:52
"20.363403 N, 85.810009 E",20:10:7
"20.347003 N, 85.818477 E",16:45:20
"20.354297 N, 85.809883 E",16:39:26
"20.360851 N, 85.817229 E",2:52:50
"20.350310 N, 85.810814 E",4:18:23
"20.352908 N, 85.810471 E",17:54:33
"20.347078 N, 85.819662 E",9:1:4
"20.358591 N, 85.809637 E",5:20:56
"20.362903 N, 85.814064 E",17:20:0
"20.358161 N, 85.809853 E",9:54:23
"20.352780 N, 85.811846 E",10:16:54
"20.353317 N, 85.823657 E",8:44:58
"20.364870 N, 85.812547 E",1:53:0
"20.349549 N, 85.809661 E",11:41:48
"20.347901 N, 85.825242 E",16:2:58
"20.358590 N, 85.819036 E",4:26:55
"20.361312 N, 85.819465 E",13:54:5
"20.357104 N, 85.823909 E",14:58:56
"20.363511 N, 85.806419 E",3:57:19
"20.362363 N, 85.810837 E",11:30:24
"20.356669 N, 85.811586 E",15:7:9
"20.349195 N, 85.812065 E",2:25:42
"20.359341 N, 85.816396 E",23:46:56
"20.347921 N, 85.813792 E",11:19:58
"20.347837 N, 85.808558 E",13:52:48
"20.356304 N, 85.810896 E",0:55:13
"20.347818 N, 85.818615 E",14:10:36
"20.356237 N, 85.809577 E",10:36:11
"20.351259 N, 85.810981 E",19:51:48
"20.365393 N, 85.813209 E",6:54:23
"20.347511 N, 85.806589 E",2:41:58
"20.361201 N, 85.815694 E",10:2:34
"20.365126 N, 85.806896 E",12:14:16
"20.362610 N, 85.814402 E",9:58:12
"20.355219 N, 85.810895 E",13:0:16
"20.363662 N, 85.822397 E",4:34:51
"20.354973 N, 85.822753 E",18:27:53
"20.348016 N, 85.825895 E",5:43:17
"20.363403 N, 85.822997 E",10:28:14
"20.347680 N, 85.820484 E",5:32:7
"20.352453 N, 85.812686 E",7:43:56
"20.351438 N, 85.820078 E",21:51:24
"20.363950 N, 85.809508 E",18:32:38
"20.354043 N, 85.809453 E",6:28:57
"20.357729 N, 85.812322 E",23:6:46
"20.362247 N, 85.823605 E",15:39:12
"20.347815 N, 85.814409 E",13:27:0
"20.364288 N, 85.824593 E",19:34:51
"20.349374 N, 85.822207 E",7:46:25
"20.362524 N, 85.821667 E",6:46:18
"20.351461 N, 85.812710 E",23:31:30
"20.361621 N, 85.811111 E",1:22:6
"20.365203 N, 85.812072 E",2:9:26
"20.355958 N, 85.822632 E",0:49:46
"20.350202 N, 85.823416 E",20:9:34
"20.352392 N, 85.825576 E",5:10:12
"20.354166 N, 85.823015 E",15:4:21
"20.354443 N, 85.812932 E",8:31:18
"20.353878 N, 85.808542 E",8:44:49
"20.350404 N, 85.816921 E",21:18:13
"20.354718 N, 85.817708 E",17:29:11
"20.354150 N, 85.823238 E",7:43:23
"20.362657 N, 85.815932 E",4:42:15
"20.359186 N, 85.824160 E",3:30:35
"20.345657 N, 85.813193 E",3:39:23
"20.361496 N, 85.814588 E",1:27:51
"20.348387 N, 85.813605 E",11:7:3
"20.363227 N, 85.811419 E",23:41:25
"20.354541 N, 85.810627 E",10:22:2
"20.347098 N, 85.825471 E",22:37:17
"20.356759 N, 85.810055 E",8:55:39
"20.360000 N, 85.811251 E",7:54:43
"20.354375 N, 85.818680 E",23:25:52
"20.353484 N, 85.821831 E",0:3:3
"20.356911 N, 85.823273 E",1:16:55
"20.349387 N, 85.822240 E",7:13:13
"20.359673 N, 85.807572 E",0:22:38
"20.349341 N, 85.808010 E",16:59:53
"20.351907 N, 85.817014 E",9:57:21
"20.361521 N, 85.807554 E",17:22:55
"20.361764 N, 85.806598 E",3:2:10
"20.359994 N, 85.806978 E",17:55:29
"20.350940 N, 85.807653 E",9:24:29
"20.359800 N, 85.822586 E",18:14:20
"20.357636 N, 85.817919 E",23:36:40
"20.362499 N, 85.806339 E",19:32:48
"20.355248 N, 85.812945 E",8:4:31
"20.357293 N, 85.818218 E",2:31:58
"20.358634 N, 85.818090 E",11:21:20
"20.357104 N, 85.807692 E",14:12:48
"20.361052 N, 85.819679 E",3:26:18
"20.348602 N, 85.825054 E",15:32:1
"20.354631 N, 85.809830 E",19:15:47
"20.364971 N, 85.826060 E",2:17:51
"20.360081 N, 85.818261 E",15:23:27
"20.353928 N, 85.808867 E",12:9:24
"20.352716 N, 85.806534 E",14:19:49
"20.350686 N, 85.806974 E",20:46:0
"20.357323 N, 85.816660 E",20:59:54
"20.353887 N, 85.806369 E",0:27:33
"20.354014 N, 85.820440 E",22:55:58
"20.354237 N, 85.821432 E",5:1:11
"20.364631 N, 85.825532 E",5:19:12
"20.358132 N, 85.808182 E",4:20:44
"20.361222 N, 85.812619 E",6:15:54
"20.361816 N, 85.818831 E",23:8:5
"20.361721 N, 85.806501 E",7:11:50
"20.354933 N, 85.825952 E",8:53:29
"20.362694 N, 85.807412 E",17:6:27
"20.352049 N, 85.807623 E",18:44:17
"20.351310 N, 85.824980 E",1:28:4
"20.354029 N, 85.808172 E",7:15:35
"20.350345 N, 85.821559 E",0:15:56
"20.356139 N, 85.807501 E",23:5:37
"20.354878 N, 85.816433 E",0:33:50
"20.356630 N, 85.816682 E",21:35:24
"20.346216 N, 85.819482 E",19:40:27
"20.359099 N, 85.808527 E",11:39:14
"20.346990 N, 85.813470 E",6:28:45
"20.354385 N, 85.811649 E",11:1:57
"20.365072 N, 85.823751 E",11:27:10
"20.348334 N, 85.814433 E",12:38:48
"20.352529 N, 85.820771 E",9:53:34
"20.361996 N, 85.812052 E",13:47:41
"20.361928 N, 85.822334 E",16:12:43
"20.361331 N, 85.824013 E",7:30:27
"20.361205 N, 85.824019 E",3:18:46
"20.347150 N, 85.815175 E",0:23:4
"20.349557 N, 85.820459 E",5:8:29
"20.355139 N, 85.809939 E",11:21:25
"20.363562 N, 85.816245 E",14:3:48
"20.356394 N, 85.823822 E",1:56:33
"20.352738 N, 85.811071 E",7:14:6
"20.357014 N, 85.819325 E",23:37:46
"20.357582 N, 85.824215 E",15:41:35
"20.349159 N, 85.815656 E",13:13:22
"20.346233 N, 85.815617 E",21:29:3
"20.348319 N, 85.809871 E",5:59:15
"20.348664 N, 85.810751 E",1:25:52
"20.364404 N, 85.823621 E",11:15:6
"20.350140 N, 85.824223 E",0:52:10
"20.348843 N, 85.819646 E",19:1:25
"20.354431 N, 85.806897 E",10:37:12
"20.363751 N, 85.815922 E",18:37:41
"20.359004 N, 85.807007 E",12:36:47
"20.358022 N, 85.823694 E",12:27:9
"20.358988 N, 85.823187 E",6:35:34
"20.345532 N, 85.815690 E",23:54:9
"20.364254 N, 85.822592 E",9:59:3
"20.360714 N, 85.813142 E",0:39:40
"20.346558 N, 85.815587 E",8:12:12
"20.352887 N, 85.817591 E",13:16:47
"20.361444 N, 85.807305 E",6:13:1
"20.346547 N, 85.823990 E",4:40:4
"20.354651 N, 85.817188 E",14:40:2
"20.353317 N, 85.813695 E",5:32:43
"20.358657 N, 85.810373 E",13:24:21
"20.352731 N, 85.822020 E",18:0:15
"20.362074 N, 85.825317 E",14:37:33
"20.364317 N, 85.819838 E",19:27:24
"20.350504 N, 85.815853 E",11:13:44
"20.353890 N, 85.825668 E",18:27:29
"20.350535 N, 85.820851 E",13:36:10
"20.361332 N, 85.816957 E",9:14:17
"20.349848 N, 85.811007 E",18:42:31
"20.362382 N, 85.809508 E",2:41:45
"20.349834 N, 85.823470 E",1:45:16
"20.347083 N, 85.813151 E",13:43:24
"20.362876 N, 85.824229 E",19:53:52
"20.362261 N, 85.807564 E",5:59:56
"20.351762 N, 85.811000 E",18:5:37
"20.352165 N, 85.817848 E",12:54:21
"20.356654 N, 85.819275 E",22:13:51
"20.353759 N, 85.823836 E",16:5:35
"20.355981 N, 85.811095 E",2:38:41
"20.362434 N, 85.820646 E",23:23:33
"20.351389 N, 85.817161 E",6:49:39
"20.361145 N, 85.825539 E",21:17:13
"20.356482 N, 85.806520 E",20:1:40
"20.353226 N, 85.808012 E",22:36:29
"20.365461 N, 85.817696 E",15:18:38
"20.357199 N, 85.823756 E",16:16:15
"20.356373 N, 85.813243 E",19:30:15
"20.349070 N, 85.823627 E",12:42:42
"20.350293 N, 85.824677 E",18:10:33
"20.357417 N, 85.822364 E",5:49:11
"20.364404 N, 85.807854 E",17:47:17
"20.354582 N, 85.820500 E",12:50:7
"20.351563 N, 85.822072 E",2:33:23
"20.362190 N, 85.807286 E",22:27:59
"20.354997 N, 85.814608 E",23:33:31
"20.358909 N, 85.819910 E",20:7:57
"20.353381 N, 85.819828 E",15:42:45
"20.352992 N, 85.820820 E",10:12:45
"20.345782 N, 85.816767 E",7:46:38
"20.346144 N, 85.816826 E",22:18:46
"20.359117 N, 85.818685 E",18:41:25
"20.347025 N, 85.820844 E",18:14:12
"20.363150 N, 85.816083 E",5:29:44
"20.356926 N, 85.818634 E",18:27:22
"20.362066 N, 85.807228 E",9:59:27
"20.347117 N, 85.809223 E",1:49:52
"20.350902 N, 85.814462 E",19:54:28
"20.353209 N, 85.815101 E",9:45:1
"20.349130 N, 85.810679 E",1:43:56
"20.360127 N, 85.811157 E",20:39:49
"20.357175 N, 85.824834 E",16:25:38
"20.362922 N, 85.809420 E",10:9:46
"20.361989 N, 85.812363 E",18:11:29
"20.362009 N, 85.809113 E",3:15:39
"20.349460 N, 85.814089 E",0:56:8
"20.356560 N, 85.812573 E",16:39:12
"20.350703 N, 85.807985 E",8:6:18
"20.363227 N, 85.821633 E",1:41:3
"20.363133 N, 85.807804 E",10:27:2
